toronto/10 St MaryTransportation Study.txt,CHARLES ST AT YONGE ST (PX 921),x,2010-Aug-11,08:15-09:15,115,475,0,127,357,159,0,440,38,0,0,0,297,255,257,128,48,32,0,1,,
toronto/10 St MaryTransportation Study.txt,CHARLES ST AT YONGE ST (PX 921),x,2010-Aug-11,17:00-18:00,77,594,0,94,185,141,0,783,44,0,0,0,760,388,859,473,59,31,20,2,,
toronto/10 St MaryTransportation Study.txt,CHARLES ST AT YONGE ST (PX 921),x,2010-Aug-11,OFF HR,61,446,0,97,194,92,0,475,46,0,0,0,501,227,558,296,37,10,4,4,,
toronto/10 St MaryTransportation Study.txt,CHARLES ST AT YONGE ST (PX 921),x,2010-Aug-11,07:30-09:30,253,915,0,197,630,287,0,856,69,0,0,0,515,376,434,194,81,52,1,4,,
toronto/10 St MaryTransportation Study.txt,CHARLES ST AT YONGE ST (PX 921),x,2010-Aug-11,16:00-18:00,150,1195,0,160,335,256,0,1437,90,0,0,0,,679,,,,54,,,,
toronto/10 St MaryTransportation Study.txt,CHARLES ST AT YONGE ST (PX 921),x,2010-Aug-11,07:30-09:30/10:00-12:00/13:00-15:00/16:00-18:00,648,3891,0,746,1742,911,0,4188,345,0,0,0,,,,,,,,,,
toronto/101king_vibration-report.txt,CHURCH ST AT KING ST (PX 16),x,2009-Apr-23,08:15-09:15,70,374,24,57,474,15,29,371,45,79,294,12,468,129,563,233,0,0,0,0,,
toronto/101king_vibration-report.txt,CHURCH ST AT KING ST (PX 16),x,2009-Apr-23,17:00-18:00,54,529,46,51,394,7,82,473,49,88,769,31,649,488,774,292,0,0,0,0,,
toronto/101king_vibration-report.txt,CHURCH ST AT KING ST (PX 16),x,2009-Apr-23,OFF HR,67,305,38,39,268,21,36,227,33,77,263,57,431,291,433,202,0,0,0,0,,
toronto/101king_vibration-report.txt,CHURCH ST AT KING ST (PX 16),x,2009-Apr-23,07:30-09:30,126,683,41,92,833,24,47,654,90,155,490,29,738,191,903,333,0,0,0,0,,
toronto/101king_vibration-report.txt,CHURCH ST AT KING ST (PX 16),x,2009-Apr-23,16:00-18:00,104,882,83,89,690,13,137,825,94,175,1305,43,,774,,455,,0,,0,,
toronto/101king_vibration-report.txt,CHURCH ST AT KING ST (PX 16),x,2009-Apr-23,07:30-09:30/10:00-12:00/13:00-15:00/16:00-18:00,496,2781,275,335,2596,121,327,2385,318,637,2848,300,,,,,,,,,,
toronto/20140818 Vibration Study.Pdf.txt,DUNDAS ST AT JARVIS ST (PX 8),x,2011-May-18,08:00-09:00,75,918,4,83,522,49,27,738,1,56,257,47,259,143,152,75,36,40,33,23,,
toronto/20140818 Vibration Study.Pdf.txt,DUNDAS ST AT JARVIS ST (PX 8),x,2011-May-18,16:45-17:45,72,718,3,58,316,48,25,887,1,44,607,64,499,161,307,125,35,33,19,51,,
toronto/20140818 Vibration Study.Pdf.txt,DUNDAS ST AT JARVIS ST (PX 8),x,2011-May-18,OFF HR,66,705,5,67,271,39,33,664,2,77,382,51,289,104,178,87,33,43,22,28,,
toronto/20140818 Vibration Study.Pdf.txt,DUNDAS ST AT JARVIS ST (PX 8),x,2011-May-18,07:30-09:30,157,1844,10,147,896,86,48,1418,2,105,517,82,459,233,264,134,73,75,62,53,,
toronto/20140818 Vibration Study.Pdf.txt,DUNDAS ST AT JARVIS ST (PX 8),x,2011-May-18,16:00-18:00,134,1355,11,113,583,84,43,1629,1,99,1187,132,877,309,545,201,66,75,50,98,,
toronto/20140818 Vibration Study.Pdf.txt,DUNDAS ST AT JARVIS ST (PX 8),x,2011-May-18,07:30-09:30/10:00-12:00/13:00-15:00/16:00-18:00,552,6018,39,528,2563,322,225,5704,11,510,3228,416,,959,,681,,321,,261,,
toronto/266-322-king-traffic-impact-study.txt,ADELAIDE ST AT DUNCAN ST,x,2010-Jul-28,08:00-09:00,0,26,71,0,0,0,40,27,0,21,1343,89,96,75,104,105,43,1,9,111,,
toronto/266-322-king-traffic-impact-study.txt,ADELAIDE ST AT DUNCAN ST,x,2010-Jul-28,17:00-18:00,0,57,63,0,0,0,56,68,0,33,1089,45,275,156,159,141,15,8,36,63,,
toronto/266-322-king-traffic-impact-study.txt,ADELAIDE ST AT DUNCAN ST,x,2010-Jul-28,OFF HR,0,44,57,0,0,0,45,43,0,20,748,47,133,87,90,131,11,21,13,31,,
toronto/266-322-king-traffic-impact-study.txt,ADELAIDE ST AT DUNCAN ST,x,2010-Jul-28,07:30-09:30,0,52,130,0,0,0,76,58,0,42,2356,150,167,130,174,193,73,5,17,189,,
toronto/266-322-king-traffic-impact-study.txt,ADELAIDE ST AT DUNCAN ST,x,2010-Jul-28,16:00-18:00,0,114,132,0,0,0,103,108,0,70,2018,86,453,268,292,277,29,12,60,111,,
toronto/266-322-king-traffic-impact-study.txt,ADELAIDE ST AT DUNCAN ST,x,2010-Jul-28,07:30-09:30/10:00-12:00/13:00-15:00/16:00-18:00,0,342,489,0,0,0,359,339,0,190,7360,423,,744,824,995,,101,127,425,,
toronto/266-322-king-traffic-impact-study.txt,ADELAIDE ST AT SIMCOE ST,x,2009-Aug-10,08:15-09:15,0,130,94,0,0,0,0,0,0,100,1205,0,70,79,232,348,0,0,0,0,,
toronto/266-322-king-traffic-impact-study.txt,ADELAIDE ST AT SIMCOE ST,x,2009-Aug-10,17:00-18:00,0,142,103,0,0,0,0,0,0,134,1080,0,197,79,338,222,0,0,0,0,,
toronto/266-322-king-traffic-impact-study.txt,ADELAIDE ST AT SIMCOE ST,x,2009-Aug-10,OFF HR,0,96,57,0,0,0,0,0,0,63,757,0,124,36,183,181,0,0,0,0,,
toronto/266-322-king-traffic-impact-study.txt,ADELAIDE ST AT SIMCOE ST,x,2009-Aug-10,07:30-09:30,0,241,175,0,0,0,0,0,0,180,2219,0,148,156,393,556,0,0,0,0,,
toronto/266-322-king-traffic-impact-study.txt,ADELAIDE ST AT SIMCOE ST,x,2009-Aug-10,16:00-18:00,0,269,208,0,0,0,0,0,0,228,2079,0,344,143,531,442,0,0,0,0,,
toronto/266-322-king-traffic-impact-study.txt,ADELAIDE ST AT SIMCOE ST,x,2009-Aug-10,07:30-09:30/10:00-12:00/13:00-15:00/16:00-18:00,0,895,612,0,0,0,0,0,0,658,7326,0,987,442,,,0,0,,,,
toronto/266-322-king-traffic-impact-study.txt,DUNCAN ST AT KING ST,x,2009-Apr-01,08:15-09:15,30,0,21,40,320,0,0,0,0,0,457,12,507,17,0,6,0,0,0,0,,
toronto/266-322-king-traffic-impact-study.txt,DUNCAN ST AT KING ST,x,2009-Apr-01,17:00-18:00,44,0,16,47,429,0,0,0,0,0,483,14,,25,0,19,,0,0,0,,
toronto/266-322-king-traffic-impact-study.txt,DUNCAN ST AT KING ST,x,2009-Apr-01,OFF HR,53,0,22,44,382,0,0,0,0,0,392,27,408,21,0,14,0,0,0,0,,
toronto/266-322-king-traffic-impact-study.txt,DUNCAN ST AT KING ST,x,2009-Apr-01,07:30-09:30,62,0,33,89,568,0,0,0,0,0,786,24,719,33,0,25,0,0,0,0,,
toronto/266-322-king-traffic-impact-study.txt,DUNCAN ST AT KING ST,x,2009-Apr-01,16:00-18:00,80,0,46,104,838,0,0,0,0,0,946,23,,50,0,42,,0,0,0,,
toronto/266-322-king-traffic-impact-study.txt,DUNCAN ST AT KING ST,x,2009-Apr-01,07:30-09:30/10:00-12:00/13:00-15:00/16:00-18:00,354,0,165,369,2934,0,0,0,0,0,3299,152,,165,0,122,,0,0,0,,
toronto/266-322-king-traffic-impact-study.txt,KING ST AT SIMCOE ST,x,2009-Mar-30,08:30-09:30,29,183,56,0,387,14,0,0,0,67,395,0,588,113,480,155,0,0,0,0,,
toronto/266-322-king-traffic-impact-study.txt,KING ST AT SIMCOE ST,x,2009-Mar-30,17:00-18:00,38,231,40,0,421,9,0,0,0,132,389,0,899,136,975,425,0,0,0,0,,
toronto/266-322-king-traffic-impact-study.txt,KING ST AT SIMCOE ST,x,2009-Mar-30,OFF HR,30,99,30,0,335,17,0,0,0,34,311,0,350,71,248,128,0,0,0,0,,
toronto/266-322-king-traffic-impact-study.txt,KING ST AT SIMCOE ST,x,2009-Mar-30,07:30-09:30,48,343,87,0,673,18,0,0,0,144,691,0,979,203,902,335,0,0,0,0,,
toronto/266-322-king-traffic-impact-study.txt,KING ST AT SIMCOE ST,x,2009-Mar-30,16:00-18:00,78,407,82,0,857,13,0,0,0,210,785,0,,272,,626,,0,,0,,
toronto/266-322-king-traffic-impact-study.txt,KING ST AT SIMCOE ST,x,2009-Mar-30,07:30-09:30/10:00-12:00/13:00-15:00/16:00-18:00,241,1143,289,0,2868,99,0,0,0,488,2719,0,,760,,,,0,,,,
toronto/266-322-king-traffic-impact-study.txt,JOHN ST AT WELLINGTON ST,x,2009-Apr-23,08:15-09:15,55,258,92,150,311,36,277,381,15,0,0,0,779,978,606,704,1,0,1,9,,
toronto/266-322-king-traffic-impact-study.txt,JOHN ST AT WELLINGTON ST,x,2009-Apr-23,17:00-18:00,130,340,24,287,806,178,24,457,29,0,0,0,451,832,317,332,0,0,0,0,,
toronto/266-322-king-traffic-impact-study.txt,JOHN ST AT WELLINGTON ST,x,2009-Apr-23,OFF HR,36,240,19,122,277,52,52,244,14,0,0,0,286,421,176,342,1,0,0,0,,
toronto/266-322-king-traffic-impact-study.txt,JOHN ST AT WELLINGTON ST,x,2009-Apr-23,07:30-09:30,96,391,140,265,545,88,403,596,24,0,0,0,,,809,,,,1,,,
toronto/266-322-king-traffic-impact-study.txt,JOHN ST AT WELLINGTON ST,x,2009-Apr-23,16:00-18:00,228,673,40,520,1352,295,54,722,75,0,0,0,891,,509,653,0,,0,0,,
toronto/266-322-king-traffic-impact-study.txt,JOHN ST AT WELLINGTON ST,x,2009-Apr-23,07:30-09:30/10:00-12:00/13:00-15:00/16:00-18:00,467,2018,256,1271,3001,590,665,2290,154,0,0,0,,,,,,,,,,
toronto/266-322-king-traffic-impact-study.txt,SIMCOE ST AT WELLINGTON ST,x,2009-Nov-26,08:30-09:30,127,197,0,0,591,172,0,0,0,43,0,0,395,164,570,723,0,0,0,0,,
toronto/266-322-king-traffic-impact-study.txt,SIMCOE ST AT WELLINGTON ST,x,2009-Nov-26,17:00-18:00,86,566,0,0,574,241,0,0,0,207,0,0,351,305,709,421,0,0,0,0,,
toronto/266-322-king-traffic-impact-study.txt,SIMCOE ST AT WELLINGTON ST,x,2009-Nov-26,OFF HR,91,190,0,0,333,104,0,0,0,63,0,0,315,95,373,303,0,0,0,0,,
toronto/266-322-king-traffic-impact-study.txt,SIMCOE ST AT WELLINGTON ST,x,2009-Nov-26,07:30-09:30,249,349,0,0,1109,292,0,0,0,72,0,0,723,351,,,0,0,,,,
toronto/266-322-king-traffic-impact-study.txt,SIMCOE ST AT WELLINGTON ST,x,2009-Nov-26,16:00-18:00,176,1094,0,0,1008,455,0,0,0,454,0,0,704,642,,912,0,0,,0,,
toronto/266-322-king-traffic-impact-study.txt,SIMCOE ST AT WELLINGTON ST,x,2009-Nov-26,07:30-09:30/10:00-12:00/13:00-15:00/16:00-18:00,788,2203,0,0,3449,1165,0,0,0,776,0,0,,,,,,,,,,
toronto/28bathurst_noise.txt,BATHURST ST AT FRONT ST (PX 297),x,2010-Jan-27,08:30-09:30,0,440,221,126,0,105,502,1060,0,0,0,0,34,36,0,0,0,0,0,0,,
toronto/28bathurst_noise.txt,BATHURST ST AT FRONT ST (PX 297),x,2010-Jan-27,17:00-18:00,0,780,160,219,0,470,107,724,0,0,0,0,38,16,0,0,0,0,0,0,,
toronto/28bathurst_noise.txt,BATHURST ST AT FRONT ST (PX 297),x,2010-Jan-27,OFF HR,0,422,137,138,0,117,117,516,0,0,0,0,11,10,0,0,0,0,0,0,,
toronto/28bathurst_noise.txt,BATHURST ST AT FRONT ST (PX 297),x,2010-Jan-27,07:30-09:30,0,871,427,230,0,179,947,1926,0,0,0,0,71,58,0,0,0,0,0,0,,
toronto/28bathurst_noise.txt,BATHURST ST AT FRONT ST (PX 297),x,2010-Jan-27,16:00-18:00,0,1463,299,427,0,836,188,1249,0,0,0,0,59,27,1,0,0,0,0,0,,
toronto/28bathurst_noise.txt,BATHURST ST AT FRONT ST (PX 297),x,2010-Jan-27,07:30-09:30/10:00-12:00/13:00-15:00/16:00-18:00,0,4022,1277,1207,0,1482,1605,5237,0,0,0,0,174,126,1,0,0,0,0,0,,
toronto/333king_noisereport.txt,FRONT ST AT PARLIAMENT ST (PX 244),x,2011-Nov-08,08:00-09:00,64,263,20,49,843,134,141,360,125,59,212,59,30,148,49,39,0,0,0,0,,
toronto/333king_noisereport.txt,FRONT ST AT PARLIAMENT ST (PX 244),x,2011-Nov-08,16:30-17:30,56,422,33,11,200,151,127,239,60,175,836,62,31,115,52,71,0,0,0,0,,
toronto/333king_noisereport.txt,FRONT ST AT PARLIAMENT ST (PX 244),x,2011-Nov-08,OFF HR,68,238,34,27,265,74,66,300,73,61,227,47,31,47,58,55,0,0,0,0,,
toronto/333king_noisereport.txt,FRONT ST AT PARLIAMENT ST (PX 244),x,2011-Nov-08,07:30-09:30,118,471,41,69,1495,221,248,701,223,103,380,86,56,265,78,70,0,0,0,0,,
toronto/333king_noisereport.txt,FRONT ST AT PARLIAMENT ST (PX 244),x,2011-Nov-08,16:00-18:00,89,763,51,25,374,248,206,465,106,301,1527,108,46,194,90,116,0,0,0,0,,
toronto/333king_noisereport.txt,FRONT ST AT PARLIAMENT ST (PX 244),x,2011-Nov-08,07:30-09:30/10:00-12:00/13:00-15:00/16:00-18:00,475,2184,224,202,2931,764,719,2363,619,644,2812,382,224,648,401,407,0,0,0,0,,
toronto/333king_noisereport.txt,KING ST AT SHERBOURNE ST (PX 254),x,2010-Aug-10,08:30-09:30,48,350,29,71,323,8,31,287,24,11,168,17,244,111,218,47,68,112,43,24,,
toronto/333king_noisereport.txt,KING ST AT SHERBOURNE ST (PX 254),x,2010-Aug-10,17:00-18:00,66,426,40,58,277,7,26,334,27,28,420,7,219,106,172,71,78,43,60,102,,
toronto/333king_noisereport.txt,KING ST AT SHERBOURNE ST (PX 254),x,2010-Aug-10,OFF HR,85,279,30,52,209,18,28,225,23,17,169,25,173,107,188,74,26,30,17,19,,
toronto/333king_noisereport.txt,KING ST AT SHERBOURNE ST (PX 254),x,2010-Aug-10,07:30-09:30,89,647,44,105,611,9,58,521,48,28,277,18,485,221,378,100,128,181,75,35,,
toronto/333king_noisereport.txt,KING ST AT SHERBOURNE ST (PX 254),x,2010-Aug-10,16:00-18:00,116,809,65,122,520,11,50,619,50,64,770,11,379,228,353,161,113,75,114,165,,
toronto/333king_noisereport.txt,KING ST AT SHERBOURNE ST (PX 254),x,2010-Aug-10,07:30-09:30/10:00-12:00/13:00-15:00/16:00-18:00,543,2566,230,436,1964,94,220,2042,189,159,1721,129,,876,,557,,374,,275,,
toronto/45 Bay Street - 19 Noise Report - RWDI.txt,BAY ST AT FRONT ST (PX 59),x,2009-Apr-22,08:00-09:00,16,357,62,46,422,63,56,916,37,33,344,67,198,,607,253,0,,0,0,,
toronto/45 Bay Street - 19 Noise Report - RWDI.txt,BAY ST AT FRONT ST (PX 59),x,2009-Apr-22,16:45-17:45,39,536,105,87,423,244,55,755,92,29,591,88,355,,,489,0,,,0,,
toronto/45 Bay Street - 19 Noise Report - RWDI.txt,BAY ST AT FRONT ST (PX 59),x,2009-Apr-22,OFF HR,58,393,70,64,263,63,45,558,50,54,387,120,164,160,293,18,0,0,0,0,,
toronto/45 Bay Street - 19 Noise Report - RWDI.txt,BAY ST AT FRONT ST (PX 59),x,2009-Apr-22,07:30-09:30,44,632,124,89,728,115,99,1821,76,86,685,125,445,,814,322,0,,0,0,,
toronto/45 Bay Street - 19 Noise Report - RWDI.txt,BAY ST AT FRONT ST (PX 59),x,2009-Apr-22,16:00-18:00,65,1089,212,167,778,420,106,1436,163,72,1129,212,722,,,839,0,,,0,,
toronto/45 Bay Street - 19 Noise Report - RWDI.txt,BAY ST AT FRONT ST (PX 59),x,2009-Apr-22,07:30-09:30/10:00-12:00/13:00-15:00/16:00-18:00,343,3292,617,509,2559,788,385,5487,435,373,3359,818,,,,,,,,,,
toronto/45 Bay Street - 19 Noise Report - RWDI.txt,FRONT ST E AT YONGE ST (PX 29),x,2009-Apr-22,08:30-09:30,88,221,27,0,0,0,120,871,192,36,394,95,459,209,538,235,0,0,0,0,,
toronto/45 Bay Street - 19 Noise Report - RWDI.txt,FRONT ST E AT YONGE ST (PX 29),x,2009-Apr-22,17:00-18:00,124,441,43,0,0,0,112,541,130,74,625,84,577,493,,,0,0,,,,
toronto/45 Bay Street - 19 Noise Report - RWDI.txt,FRONT ST E AT YONGE ST (PX 29),x,2009-Apr-22,OFF HR,99,317,41,0,0,0,119,500,144,51,384,101,234,121,257,224,0,0,0,0,,
toronto/45 Bay Street - 19 Noise Report - RWDI.txt,FRONT ST E AT YONGE ST (PX 29),x,2009-Apr-22,07:30-09:30,194,470,47,0,0,0,263,1707,389,79,694,162,946,414,,790,0,0,,0,,
toronto/45 Bay Street - 19 Noise Report - RWDI.txt,FRONT ST E AT YONGE ST (PX 29),x,2009-Apr-22,16:00-18:00,250,887,83,0,0,0,218,1047,234,135,1186,177,942,765,,,0,0,,,,
toronto/45 Bay Street - 19 Noise Report - RWDI.txt,FRONT ST E AT YONGE ST (PX 29),x,2009-Apr-22,07:30-09:30/10:00-12:00/13:00-15:00/16:00-18:00,838,2625,290,0,0,0,956,4752,1201,418,3415,744,,,,,,,,,,
toronto/45 Bay Street - 19 Noise Report - RWDI.txt,LAKE SHORE BLVD N TCS AT YONGE ST (PX 211),x,2012-Sep-08,08:15-09:15,117,65,0,17,380,34,0,347,56,0,0,0,11,23,16,29,11,6,15,2,,
toronto/45 Bay Street - 19 Noise Report - RWDI.txt,LAKE SHORE BLVD N TCS AT YONGE ST (PX 211),x,2012-Sep-08,16:45-17:45,175,118,0,18,625,108,0,408,111,0,0,0,66,70,45,268,18,1,27,4,,
toronto/45 Bay Street - 19 Noise Report - RWDI.txt,LAKE SHORE BLVD N TCS AT YONGE ST (PX 211),x,2012-Sep-08,OFF HR,169,78,0,25,521,77,0,438,98,0,0,0,29,54,31,140,15,3,19,3,,
toronto/45 Bay Street - 19 Noise Report - RWDI.txt,LAKE SHORE BLVD N TCS AT YONGE ST (PX 211),x,2012-Sep-08,07:30-09:30,206,115,0,34,714,74,0,590,112,0,0,0,15,34,23,50,29,9,39,11,,
toronto/45 Bay Street - 19 Noise Report - RWDI.txt,LAKE SHORE BLVD N TCS AT YONGE ST (PX 211),x,2012-Sep-08,16:00-18:00,383,251,0,39,1177,197,0,814,207,0,0,0,131,130,90,535,33,5,61,10,,
toronto/45 Bay Street - 19 Noise Report - RWDI.txt,LAKE SHORE BLVD N TCS AT YONGE ST (PX 211),x,2012-Sep-08,07:30-09:30/10:00-12:00/13:00-15:00/16:00-18:00,1263,678,0,168,3971,577,0,3154,709,0,0,0,261,379,235,,120,25,175,,,
toronto/50bloor_noisereport.txt,BLOOR ST AT YONGE ST (PX 40),x,2009-Aug-12,08:00-09:00,6,715,0,7,598,0,3,344,0,1,444,0,721,469,514,248,0,0,0,0,,
toronto/50bloor_noisereport.txt,BLOOR ST AT YONGE ST (PX 40),x,2009-Aug-12,17:00-18:00,10,591,0,3,543,0,6,531,0,3,644,0,,,982,,,,0,,,
toronto/50bloor_noisereport.txt,BLOOR ST AT YONGE ST (PX 40),x,2009-Aug-12,OFF HR,28,441,0,29,471,0,40,355,0,27,420,0,948,984,635,642,0,0,0,0,,
toronto/50bloor_noisereport.txt,BLOOR ST AT YONGE ST (PX 40),x,2009-Aug-12,07:30-09:30,21,1368,0,12,1124,0,17,622,0,4,892,0,,827,846,396,,0,0,0,,
toronto/50bloor_noisereport.txt,BLOOR ST AT YONGE ST (PX 40),x,2009-Aug-12,16:00-18:00,20,1081,0,7,1116,0,8,985,0,8,1275,0,,,,,,,,,,
toronto/50bloor_noisereport.txt,BLOOR ST AT YONGE ST (PX 40),x,2009-Aug-12,07:30-09:30/10:00-12:00/13:00-15:00/16:00-18:00,152,4213,0,136,4121,0,185,3026,0,120,3847,0,,,,,,,,,,
toronto/50bloor_noisereport.txt,BAY ST AT BLOOR ST (PX 70),x,2009-Jul-30,08:30-09:30,72,512,38,64,445,90,19,549,27,200,387,51,571,358,252,,13,42,0,,,
toronto/50bloor_noisereport.txt,BAY ST AT BLOOR ST (PX 70),x,2009-Jul-30,17:00-18:00,33,387,14,72,475,172,28,982,54,134,782,57,,800,872,,,28,0,,,
toronto/50bloor_noisereport.txt,BAY ST AT BLOOR ST (PX 70),x,2009-Jul-30,OFF HR,76,394,46,77,396,70,27,670,44,111,515,45,,493,498,685,,24,0,0,,
toronto/50bloor_noisereport.txt,BAY ST AT BLOOR ST (PX 70),x,2009-Jul-30,07:30-09:30,140,993,88,133,843,172,32,918,72,335,743,78,846,642,533,,28,74,0,,,
toronto/50bloor_noisereport.txt,BAY ST AT BLOOR ST (PX 70),x,2009-Jul-30,16:00-18:00,57,773,41,148,874,350,48,1891,106,298,1417,133,,,,,,,,,,
toronto/50bloor_noisereport.txt,BAY ST AT BLOOR ST (PX 70),x,2009-Jul-30,07:30-09:30/10:00-12:00/13:00-15:00/16:00-18:00,499,3342,312,587,3298,801,190,5487,350,1076,4216,388,,,,,,,,,,
toronto/80bloor_noise-study.txt,BAY ST AT BLOOR ST (PX 70),x,2011-Nov-26,08:15-09:15,33,394,42,40,433,68,20,435,7,63,385,24,309,237,200,323,0,0,0,3,,
toronto/80bloor_noise-study.txt,BAY ST AT BLOOR ST (PX 70),x,2011-Nov-26,16:00-17:00,47,445,54,46,383,45,12,581,13,24,165,24,970,,,,0,,,,,
toronto/80bloor_noise-study.txt,BAY ST AT BLOOR ST (PX 70),x,2011-Nov-26,OFF HR,35,322,57,54,309,37,16,519,31,33,273,30,609,696,879,835,0,0,0,5,,
toronto/80bloor_noise-study.txt,BAY ST AT BLOOR ST (PX 70),x,2011-Nov-26,07:30-09:30,55,748,75,68,776,143,23,757,31,120,669,44,525,412,368,529,0,0,2,11,,
toronto/80bloor_noise-study.txt,BAY ST AT BLOOR ST (PX 70),x,2011-Nov-26,16:00-18:00,89,733,108,80,717,69,25,1178,90,49,482,38,,,,,,,,,,
toronto/80bloor_noise-study.txt,BAY ST AT BLOOR ST (PX 70),x,2011-Nov-26,07:30-09:30/10:00-12:00/13:00-15:00/16:00-18:00,283,2770,411,362,2727,358,112,4008,246,302,2240,202,,,,,,,,,,
toronto/Appendix A - Traffic Impact Study.txt,MCNICOLL AVE AT SILVER STAR BLVD (PX 1958),x,2008-Apr-14,08:00-09:00,15,0,1,3,1228,1,1,0,0,1,631,9,0,0,20,0,0,0,0,0,,
toronto/Appendix A - Traffic Impact Study.txt,MCNICOLL AVE AT SILVER STAR BLVD (PX 1958),x,2008-Apr-14,17:00-18:00,35,0,0,5,672,3,5,0,0,2,1140,71,5,0,9,1,0,0,0,0,,
toronto/Appendix A - Traffic Impact Study.txt,MCNICOLL AVE AT SILVER STAR BLVD (PX 1958),x,2008-Apr-14,OFF HR,26,0,3,9,462,2,4,0,1,1,480,24,2,0,7,1,0,0,0,0,,
toronto/Appendix A - Traffic Impact Study.txt,MCNICOLL AVE AT SILVER STAR BLVD (PX 1958),x,2008-Apr-14,07:30-09:30,35,0,2,6,2191,5,1,0,0,2,1089,35,2,1,36,0,0,0,0,0,,
toronto/Appendix A - Traffic Impact Study.txt,MCNICOLL AVE AT SILVER STAR BLVD (PX 1958),x,2008-Apr-14,16:00-18:00,66,0,1,8,1298,6,11,0,2,5,2116,110,7,0,25,1,0,0,0,0,,
toronto/Appendix A - Traffic Impact Study.txt,MCNICOLL AVE AT SILVER STAR BLVD (PX 1958),x,2008-Apr-14,07:30-09:30/10:00-12:00/13:00-15:00/16:00-18:00,202,0,15,48,5335,21,26,0,7,12,5123,241,16,1,88,6,0,0,0,0,,
toronto/Appendix A - Traffic Impact Study.txt,KENNEDY RD AT MCNICOLL AVE (PX 1586),x,2011-May-12,07:45-08:45,184,895,141,118,1090,163,84,1040,155,90,393,106,36,32,66,108,0,0,0,0,,
toronto/Appendix A - Traffic Impact Study.txt,KENNEDY RD AT MCNICOLL AVE (PX 1586),x,2011-May-12,16:15-17:15,143,951,123,164,669,125,137,1261,93,146,998,193,44,24,104,65,5,5,0,0,,
toronto/Appendix A - Traffic Impact Study.txt,KENNEDY RD AT MCNICOLL AVE (PX 1586),x,2011-May-12,OFF HR,72,612,114,94,427,88,106,724,93,92,491,142,37,30,74,66,8,8,0,0,,
toronto/Appendix A - Traffic Impact Study.txt,KENNEDY RD AT MCNICOLL AVE (PX 1586),x,2011-May-12,07:30-09:30,328,1775,259,224,2023,306,184,2072,315,175,787,237,76,72,164,220,5,4,0,1,,
toronto/Appendix A - Traffic Impact Study.txt,KENNEDY RD AT MCNICOLL AVE (PX 1586),x,2011-May-12,16:00-18:00,278,1794,261,308,1258,239,259,2561,197,276,1919,409,118,65,203,138,32,10,0,0,,
toronto/Appendix A - Traffic Impact Study.txt,KENNEDY RD AT MCNICOLL AVE (PX 1586),x,2011-May-12,07:30-09:30/10:00-12:00/13:00-15:00/16:00-18:00,892,6015,977,910,4987,893,867,7528,883,817,4668,1213,341,258,664,621,69,47,0,1,,
toronto/Appendix A - Traffic Impact Study.txt,MCNICOLL AVE AT MIDLAND AVE (PX 1540),x,2011-Jun-08,08:00-09:00,100,642,118,142,1185,199,64,466,103,61,332,49,48,46,5,24,0,0,0,0,,
toronto/Appendix A - Traffic Impact Study.txt,MCNICOLL AVE AT MIDLAND AVE (PX 1540),x,2011-Jun-08,16:15-17:15,57,529,152,148,439,73,193,590,71,96,1163,120,55,49,39,40,0,0,3,1,,
toronto/Appendix A - Traffic Impact Study.txt,MCNICOLL AVE AT MIDLAND AVE (PX 1540),x,2011-Jun-08,OFF HR,63,506,143,147,491,163,81,409,78,96,461,73,43,48,28,40,0,0,5,5,,
toronto/Appendix A - Traffic Impact Study.txt,MCNICOLL AVE AT MIDLAND AVE (PX 1540),x,2011-Jun-08,07:30-09:30,161,1229,209,268,2169,359,139,861,173,121,746,93,86,78,37,71,0,0,5,3,,
toronto/Appendix A - Traffic Impact Study.txt,MCNICOLL AVE AT MIDLAND AVE (PX 1540),x,2011-Jun-08,16:00-18:00,97,989,257,247,818,136,346,1203,141,171,2327,242,87,84,98,117,0,0,12,23,,
toronto/Appendix A - Traffic Impact Study.txt,MCNICOLL AVE AT MIDLAND AVE (PX 1540),x,2011-Jun-08,07:30-09:30/10:00-12:00/13:00-15:00/16:00-18:00,507,4239,1038,1099,4947,1146,804,3696,620,674,4914,629,346,352,248,347,0,0,37,44,,
toronto/Appendix-L-Traffic-Impact-Assessment-FINAL-May2-2014-web.txt,BROWNS LINE AT LAKE SHORE BLVD (PX 242),x,2010-Jul-13,08:00-09:00,177,0,229,0,320,0,0,0,0,0,1058,0,17,6,0,26,0,0,0,0,,
toronto/Appendix-L-Traffic-Impact-Assessment-FINAL-May2-2014-web.txt,BROWNS LINE AT LAKE SHORE BLVD (PX 242),x,2010-Jul-13,16:45-17:45,218,0,312,0,978,0,0,0,0,0,397,0,28,5,0,15,0,0,0,0,,
toronto/Appendix-L-Traffic-Impact-Assessment-FINAL-May2-2014-web.txt,BROWNS LINE AT LAKE SHORE BLVD (PX 242),x,2010-Jul-13,OFF HR,175,0,329,0,316,0,0,0,0,0,560,0,16,3,0,10,0,0,0,0,,
toronto/Appendix-L-Traffic-Impact-Assessment-FINAL-May2-2014-web.txt,BROWNS LINE AT LAKE SHORE BLVD (PX 242),x,2010-Jul-13,07:30-09:30,330,0,429,0,583,0,0,0,0,0,1943,0,31,10,0,31,0,0,0,0,,
toronto/Appendix-L-Traffic-Impact-Assessment-FINAL-May2-2014-web.txt,BROWNS LINE AT LAKE SHORE BLVD (PX 242),x,2010-Jul-13,16:00-18:00,426,0,636,0,1749,0,0,0,0,0,783,0,65,7,0,25,0,0,0,0,,
toronto/Appendix-L-Traffic-Impact-Assessment-FINAL-May2-2014-web.txt,BROWNS LINE AT LAKE SHORE BLVD (PX 242),x,2010-Jul-13,07:30-09:30/10:00-12:00/13:00-15:00/16:00-18:00,1457,0,2379,0,3597,0,0,0,0,0,4965,0,159,30,0,96,0,0,0,0,,
toronto/Appendix-L-Traffic-Impact-Assessment-FINAL-May2-2014-web.txt,LAKE SHORE BLVD AT THIRTY-SEVENTH ST (PX 241),x,2009-May-07,07:30-08:30,78,4,59,138,506,9,40,2,81,3,1070,59,20,39,16,47,0,12,0,1,,
toronto/Appendix-L-Traffic-Impact-Assessment-FINAL-May2-2014-web.txt,LAKE SHORE BLVD AT THIRTY-SEVENTH ST (PX 241),x,2009-May-07,17:00-18:00,70,1,67,73,898,22,32,14,39,25,1050,87,60,46,17,75,8,7,6,19,,
toronto/Appendix-L-Traffic-Impact-Assessment-FINAL-May2-2014-web.txt,LAKE SHORE BLVD AT THIRTY-SEVENTH ST (PX 241),x,2009-May-07,OFF HR,75,5,62,70,432,29,29,8,33,37,458,96,29,38,21,43,2,8,1,0,,
toronto/Appendix-L-Traffic-Impact-Assessment-FINAL-May2-2014-web.txt,LAKE SHORE BLVD AT THIRTY-SEVENTH ST (PX 241),x,2009-May-07,07:30-09:30,153,15,128,219,994,14,54,15,119,25,1963,134,45,80,50,85,0,12,0,2,,
toronto/Appendix-L-Traffic-Impact-Assessment-FINAL-May2-2014-web.txt,LAKE SHORE BLVD AT THIRTY-SEVENTH ST (PX 241),x,2009-May-07,16:00-18:00,156,3,120,117,1727,45,65,21,72,68,1957,160,96,97,41,130,18,17,9,25,,
toronto/Appendix-L-Traffic-Impact-Assessment-FINAL-May2-2014-web.txt,LAKE SHORE BLVD AT THIRTY-SEVENTH ST (PX 241),x,2009-May-07,07:30-09:30/10:00-12:00/13:00-15:00/16:00-18:00,607,37,492,615,4446,174,232,68,324,242,5753,674,256,327,175,385,27,61,13,28,,
toronto/B_Final_Construction_Traffic_Impact_Assessment_Report.txt,CHESSWOOD DR AT SHEPPARD AVE,x,2005-Mar-08,07:45-08:45,142,0,333,114,832,0,0,0,0,0,1311,287,62,7,0,45,0,0,0,0,,
toronto/B_Final_Construction_Traffic_Impact_Assessment_Report.txt,CHESSWOOD DR AT SHEPPARD AVE,x,2005-Mar-08,16:15-17:15,342,0,298,163,1602,0,0,0,0,0,969,146,73,3,0,102,1,0,0,0,,
toronto/B_Final_Construction_Traffic_Impact_Assessment_Report.txt,CHESSWOOD DR AT SHEPPARD AVE,x,2005-Mar-08,OFF HR,196,0,218,131,600,0,0,0,0,0,628,195,36,3,0,33,0,0,0,0,,
toronto/B_Final_Construction_Traffic_Impact_Assessment_Report.txt,CHESSWOOD DR AT SHEPPARD AVE,x,2005-Mar-08,07:30-09:30,275,0,634,242,1650,0,0,0,0,0,2388,590,112,16,0,80,0,0,0,0,,
toronto/B_Final_Construction_Traffic_Impact_Assessment_Report.txt,CHESSWOOD DR AT SHEPPARD AVE,x,2005-Mar-08,16:00-18:00,668,0,574,307,3178,0,0,0,0,0,1815,278,134,9,0,175,1,0,0,0,,
toronto/B_Final_Construction_Traffic_Impact_Assessment_Report.txt,CHESSWOOD DR AT SHEPPARD AVE,x,2005-Mar-08,07:30-09:30/10:00-12:00/13:00-15:00/16:00-18:00,1726,0,2078,1072,7226,0,0,0,0,0,6718,1649,391,37,0,385,1,1,0,0,,
toronto/B_Final_Construction_Traffic_Impact_Assessment_Report.txt,SHEPPARD AVE AT TUSCAN GT,x,2006-Jun-07,07:45-08:45,11,4,344,60,835,21,12,2,0,4,1389,42,23,0,1,19,0,0,0,0,,
toronto/B_Final_Construction_Traffic_Impact_Assessment_Report.txt,SHEPPARD AVE AT TUSCAN GT,x,2006-Jun-07,16:30-17:30,53,6,422,87,1313,24,50,5,14,7,1074,23,24,0,0,43,0,0,0,0,,
toronto/B_Final_Construction_Traffic_Impact_Assessment_Report.txt,SHEPPARD AVE AT TUSCAN GT,x,2006-Jun-07,OFF HR,26,3,190,69,621,19,19,2,5,8,664,34,6,1,2,3,0,0,0,0,,
toronto/B_Final_Construction_Traffic_Impact_Assessment_Report.txt,SHEPPARD AVE AT TUSCAN GT,x,2006-Jun-07,07:30-09:30,27,9,647,135,1565,42,22,2,3,10,2472,100,50,2,4,27,0,0,0,0,,
toronto/B_Final_Construction_Traffic_Impact_Assessment_Report.txt,SHEPPARD AVE AT TUSCAN GT,x,2006-Jun-07,16:00-18:00,95,17,720,183,2592,42,79,12,28,25,2132,46,31,0,2,65,0,0,0,0,,
toronto/B_Final_Construction_Traffic_Impact_Assessment_Report.txt,SHEPPARD AVE AT TUSCAN GT,x,2006-Jun-07,07:30-09:30/10:00-12:00/13:00-15:00/16:00-18:00,223,40,2127,592,6641,158,177,23,53,65,7260,281,105,7,12,104,0,0,0,0,,
toronto/Humbertown_Phase1_Appendices_2014-07-16.pdf_reducedsize.txt,BLOOR ST AT ROYAL YORK RD (PX 338),x,2012-May-31,08:15-09:15,143,472,142,87,953,201,99,551,164,87,789,127,211,92,135,103,18,23,10,9,,
toronto/Humbertown_Phase1_Appendices_2014-07-16.pdf_reducedsize.txt,BLOOR ST AT ROYAL YORK RD (PX 338),x,2012-May-31,17:00-18:00,102,530,105,121,1020,231,87,562,107,125,923,165,305,75,109,149,17,18,23,22,,
toronto/Humbertown_Phase1_Appendices_2014-07-16.pdf_reducedsize.txt,BLOOR ST AT ROYAL YORK RD (PX 338),x,2012-May-31,OFF HR,96,295,92,115,679,163,101,372,101,112,581,119,260,106,156,125,8,8,7,10,,
toronto/Humbertown_Phase1_Appendices_2014-07-16.pdf_reducedsize.txt,BLOOR ST AT ROYAL YORK RD (PX 338),x,2012-May-31,07:30-09:30,259,832,265,186,1674,368,238,1052,249,149,1557,224,402,198,204,210,25,38,22,17,,
toronto/Humbertown_Phase1_Appendices_2014-07-16.pdf_reducedsize.txt,BLOOR ST AT ROYAL YORK RD (PX 338),x,2012-May-31,16:00-18:00,182,951,193,258,1952,435,192,1081,229,227,1682,306,592,204,264,328,30,31,41,38,,
toronto/Humbertown_Phase1_Appendices_2014-07-16.pdf_reducedsize.txt,BLOOR ST AT ROYAL YORK RD (PX 338),x,2012-May-31,07:30-09:30/10:00-12:00/13:00-15:00/16:00-18:00,822,2965,822,899,6338,1456,833,3623,880,822,5558,1007,,824,,,,99,,,,
toronto/Humbertown_Phase1_Appendices_2014-07-16.pdf_reducedsize.txt,ISLINGTON AVE AT RATHBURN RD (PX 707),x,2008-Jul-21,08:30-09:30,100,1091,0,0,0,0,0,649,137,197,0,194,22,0,28,25,0,0,0,1,,
toronto/Humbertown_Phase1_Appendices_2014-07-16.pdf_reducedsize.txt,ISLINGTON AVE AT RATHBURN RD (PX 707),x,2008-Jul-21,16:15-17:15,150,735,0,0,0,0,0,932,97,133,0,150,44,0,41,47,0,0,0,0,,
toronto/Humbertown_Phase1_Appendices_2014-07-16.pdf_reducedsize.txt,ISLINGTON AVE AT RATHBURN RD (PX 707),x,2008-Jul-21,OFF HR,107,554,0,0,0,0,0,564,94,100,0,151,19,0,18,32,0,0,2,1,,
toronto/Humbertown_Phase1_Appendices_2014-07-16.pdf_reducedsize.txt,ISLINGTON AVE AT RATHBURN RD (PX 707),x,2008-Jul-21,07:30-09:30,215,2348,0,0,0,0,0,1131,222,333,0,360,40,0,41,73,0,0,1,1,,
toronto/Humbertown_Phase1_Appendices_2014-07-16.pdf_reducedsize.txt,ISLINGTON AVE AT RATHBURN RD (PX 707),x,2008-Jul-21,16:00-18:00,303,1479,0,0,0,0,0,1866,167,216,0,287,80,0,71,80,0,0,3,6,,
toronto/Humbertown_Phase1_Appendices_2014-07-16.pdf_reducedsize.txt,ISLINGTON AVE AT RATHBURN RD (PX 707),x,2008-Jul-21,07:30-09:30/10:00-12:00/13:00-15:00/16:00-18:00,944,6041,0,0,0,0,0,5252,763,946,0,1248,196,0,185,282,0,0,11,12,,
toronto/Humbertown_Phase1_Appendices_2014-07-16.pdf_reducedsize.txt,ISLINGTON AVE AT THE KINGSWAY (PX 708),x,2009-Aug-17,07:30-08:30,16,362,80,37,215,42,74,1108,81,61,219,78,10,11,34,41,6,4,0,0,,
toronto/Humbertown_Phase1_Appendices_2014-07-16.pdf_reducedsize.txt,ISLINGTON AVE AT THE KINGSWAY (PX 708),x,2009-Aug-17,16:30-17:30,31,392,43,90,179,42,75,489,48,40,248,44,37,25,34,37,7,6,0,0,,
toronto/Humbertown_Phase1_Appendices_2014-07-16.pdf_reducedsize.txt,ISLINGTON AVE AT THE KINGSWAY (PX 708),x,2009-Aug-17,OFF HR,26,304,29,43,167,30,30,387,30,23,169,26,26,20,18,14,12,9,0,0,,
toronto/Humbertown_Phase1_Appendices_2014-07-16.pdf_reducedsize.txt,ISLINGTON AVE AT THE KINGSWAY (PX 708),x,2009-Aug-17,07:30-09:30,29,744,141,84,432,77,118,1761,115,103,471,129,39,28,62,64,10,11,0,0,,
toronto/Humbertown_Phase1_Appendices_2014-07-16.pdf_reducedsize.txt,ISLINGTON AVE AT THE KINGSWAY (PX 708),x,2009-Aug-17,16:00-18:00,56,801,72,170,355,69,140,943,99,68,489,90,80,52,69,66,33,23,0,0,,
toronto/Humbertown_Phase1_Appendices_2014-07-16.pdf_reducedsize.txt,ISLINGTON AVE AT THE KINGSWAY (PX 708),x,2009-Aug-17,07:30-09:30/10:00-12:00/13:00-15:00/16:00-18:00,189,2759,330,426,1456,265,376,4247,333,261,1632,323,223,158,201,184,92,68,0,0,,
toronto/Humbertown_Phase1_Appendices_2014-07-16.pdf_reducedsize.txt,EGLINTON AVE AT ROYAL YORK RD (PX 781),x,2010-Aug-10,07:30-08:30,109,484,40,38,1147,108,89,519,119,101,1173,106,38,36,17,28,6,9,0,0,,
toronto/Humbertown_Phase1_Appendices_2014-07-16.pdf_reducedsize.txt,EGLINTON AVE AT ROYAL YORK RD (PX 781),x,2010-Aug-10,16:30-17:30,94,416,60,65,1281,66,94,480,98,132,1230,112,27,56,17,24,7,10,0,0,,
toronto/Humbertown_Phase1_Appendices_2014-07-16.pdf_reducedsize.txt,EGLINTON AVE AT ROYAL YORK RD (PX 781),x,2010-Aug-10,OFF HR,137,422,32,64,648,73,105,392,123,113,925,152,25,19,7,7,8,11,0,0,,
toronto/Humbertown_Phase1_Appendices_2014-07-16.pdf_reducedsize.txt,EGLINTON AVE AT ROYAL YORK RD (PX 781),x,2010-Aug-10,07:30-09:30,165,930,80,85,2228,186,180,955,227,192,2343,226,68,73,38,42,11,14,0,0,,
toronto/Humbertown_Phase1_Appendices_2014-07-16.pdf_reducedsize.txt,EGLINTON AVE AT ROYAL YORK RD (PX 781),x,2010-Aug-10,16:00-18:00,213,816,100,138,2440,131,148,918,167,228,2327,205,66,85,31,45,16,19,0,0,,
toronto/Humbertown_Phase1_Appendices_2014-07-16.pdf_reducedsize.txt,EGLINTON AVE AT ROYAL YORK RD (PX 781),x,2010-Aug-10,07:30-09:30/10:00-12:00/13:00-15:00/16:00-18:00,923,3431,309,476,7260,609,747,3436,885,868,8370,1037,234,233,96,114,58,76,0,0,,
toronto/Humbertown_Phase1_Appendices_2014-07-16.pdf_reducedsize.txt,EDENBRIDGE DR AT ROYAL YORK RD (PX 1765),x,2012-Feb-23,08:00-09:00,49,612,10,14,100,82,36,580,23,16,97,54,4,2,5,3,0,0,0,0,,
toronto/Humbertown_Phase1_Appendices_2014-07-16.pdf_reducedsize.txt,EDENBRIDGE DR AT ROYAL YORK RD (PX 1765),x,2012-Feb-23,17:00-18:00,36,747,11,12,77,83,67,650,16,22,132,52,4,5,4,0,0,0,1,1,,
toronto/Humbertown_Phase1_Appendices_2014-07-16.pdf_reducedsize.txt,EDENBRIDGE DR AT ROYAL YORK RD (PX 1765),x,2012-Feb-23,OFF HR,23,403,16,16,38,49,40,365,10,12,40,35,3,5,3,1,1,1,2,1,,
toronto/Humbertown_Phase1_Appendices_2014-07-16.pdf_reducedsize.txt,EDENBRIDGE DR AT ROYAL YORK RD (PX 1765),x,2012-Feb-23,07:30-09:30,72,1133,22,23,161,140,79,1080,38,31,154,86,6,5,7,4,1,0,0,0,,
toronto/Humbertown_Phase1_Appendices_2014-07-16.pdf_reducedsize.txt,EDENBRIDGE DR AT ROYAL YORK RD (PX 1765),x,2012-Feb-23,16:00-18:00,76,1373,29,33,140,162,126,1284,29,36,226,103,7,12,6,2,2,0,2,2,,
toronto/Humbertown_Phase1_Appendices_2014-07-16.pdf_reducedsize.txt,EDENBRIDGE DR AT ROYAL YORK RD (PX 1765),x,2012-Feb-23,07:30-09:30/10:00-12:00/13:00-15:00/16:00-18:00,236,4114,117,120,453,496,364,3823,108,113,539,328,23,35,25,10,6,4,8,4,,
toronto/Humbertown_Phase1_Appendices_2014-07-16.pdf_reducedsize.txt,HUMBERTOWN PLAZA AT ROYAL YORK & 45M N OF STRATH HUMBER (PX 1370),x,2012-Aug-15,07:45-08:45,22,782,0,0,0,0,0,630,51,90,0,23,2,0,29,2,0,0,0,0,,
toronto/Humbertown_Phase1_Appendices_2014-07-16.pdf_reducedsize.txt,HUMBERTOWN PLAZA AT ROYAL YORK & 45M N OF STRATH HUMBER (PX 1370),x,2012-Aug-15,16:45-17:45,52,854,0,0,0,0,0,810,64,152,0,68,3,0,69,1,0,0,0,0,,
toronto/Humbertown_Phase1_Appendices_2014-07-16.pdf_reducedsize.txt,HUMBERTOWN PLAZA AT ROYAL YORK & 45M N OF STRATH HUMBER (PX 1370),x,2012-Aug-15,OFF HR,39,487,0,0,0,0,0,496,82,94,0,47,3,0,32,3,0,0,0,0,,
toronto/Humbertown_Phase1_Appendices_2014-07-16.pdf_reducedsize.txt,HUMBERTOWN PLAZA AT ROYAL YORK & 45M N OF STRATH HUMBER (PX 1370),x,2012-Aug-15,07:30-09:30,47,1508,0,0,0,0,0,1154,97,178,0,44,8,0,65,3,0,0,0,0,,
toronto/Humbertown_Phase1_Appendices_2014-07-16.pdf_reducedsize.txt,HUMBERTOWN PLAZA AT ROYAL YORK & 45M N OF STRATH HUMBER (PX 1370),x,2012-Aug-15,16:00-18:00,95,1599,0,0,0,0,0,1614,136,271,0,137,8,0,135,5,0,0,0,0,,
toronto/Humbertown_Phase1_Appendices_2014-07-16.pdf_reducedsize.txt,HUMBERTOWN PLAZA AT ROYAL YORK & 45M N OF STRATH HUMBER (PX 1370),x,2012-Aug-15,07:30-09:30/10:00-12:00/13:00-15:00/16:00-18:00,297,5057,0,0,0,0,0,4750,559,822,0,369,26,0,328,18,0,0,0,0,,
toronto/Humbertown_Phase1_Appendices_2014-07-16.pdf_reducedsize.txt,LAMBETH RD AT ROYAL YORK CT AND ROYAL YORK RD,x,2013-May-27,07:45-08:45,0,1145,14,69,0,26,15,877,0,0,0,0,0,6,0,10,8,0,14,0,,
toronto/Humbertown_Phase1_Appendices_2014-07-16.pdf_reducedsize.txt,LAMBETH RD AT ROYAL YORK CT AND ROYAL YORK RD,x,2013-May-27,17:00-18:00,0,1079,44,34,0,16,44,1053,0,0,0,0,1,13,0,17,26,2,24,0,,
toronto/Humbertown_Phase1_Appendices_2014-07-16.pdf_reducedsize.txt,LAMBETH RD AT ROYAL YORK CT AND ROYAL YORK RD,x,2013-May-27,OFF HR,0,681,17,31,0,19,25,656,0,0,0,0,8,16,1,15,16,1,11,0,,
toronto/Humbertown_Phase1_Appendices_2014-07-16.pdf_reducedsize.txt,LAMBETH RD AT ROYAL YORK CT AND ROYAL YORK RD,x,2013-May-27,07:30-09:30,0,2107,27,112,0,42,28,1588,0,0,0,0,4,14,1,14,18,0,21,0,,
toronto/Humbertown_Phase1_Appendices_2014-07-16.pdf_reducedsize.txt,LAMBETH RD AT ROYAL YORK CT AND ROYAL YORK RD,x,2013-May-27,16:00-18:00,0,2093,72,58,0,31,86,2081,0,0,0,0,2,31,1,31,52,2,45,0,,
toronto/Humbertown_Phase1_Appendices_2014-07-16.pdf_reducedsize.txt,LAMBETH RD AT ROYAL YORK CT AND ROYAL YORK RD,x,2013-May-27,07:30-09:30/10:00-12:00/13:00-15:00/16:00-18:00,0,6924,164,294,0,146,214,6295,0,0,0,0,36,107,5,105,132,5,108,0,,
toronto/MESPA_July2013_C.txt,PICKERING TOWN LINE AT STEELES AVE & TAUNTON RD,x,2006-Jun-15,07:30-08:30,163,29,233,689,1117,4,0,144,38,10,250,31,0,1,0,0,0,0,0,0,,
toronto/MESPA_July2013_C.txt,PICKERING TOWN LINE AT STEELES AVE & TAUNTON RD,x,2006-Jun-15,16:45-17:45,33,160,495,130,369,2,3,24,4,28,1310,172,0,0,0,0,0,0,0,0,,
toronto/MESPA_July2013_C.txt,PICKERING TOWN LINE AT STEELES AVE & TAUNTON RD,x,2006-Jun-15,OFF HR,29,29,83,59,271,1,1,14,6,8,305,21,0,0,1,0,0,0,0,0,,
toronto/MESPA_July2013_C.txt,PICKERING TOWN LINE AT STEELES AVE & TAUNTON RD,x,2006-Jun-15,07:30-09:30,229,66,369,1057,1893,6,0,204,57,20,494,60,0,1,0,0,0,0,0,0,,
toronto/MESPA_July2013_C.txt,PICKERING TOWN LINE AT STEELES AVE & TAUNTON RD,x,2006-Jun-15,16:00-18:00,61,273,905,263,692,5,5,49,10,40,2460,315,0,1,1,0,0,0,0,0,,
toronto/MESPA_July2013_C.txt,PICKERING TOWN LINE AT STEELES AVE & TAUNTON RD,x,2006-Jun-15,07:30-09:30/10:00-12:00/13:00-15:00/16:00-18:00,403,454,1608,1558,3672,17,9,309,92,94,4172,459,0,2,3,0,0,0,0,0,,
toronto/Noise-and-Vibration-report-HGC-On-The-Park.txt,EGLINTON AVE AT LESLIE ST (PX 453),x,2014-May-03,08:30-09:30,700,0,260,312,879,0,0,0,0,0,733,522,14,13,0,14,23,3,0,0,,
toronto/Noise-and-Vibration-report-HGC-On-The-Park.txt,EGLINTON AVE AT LESLIE ST (PX 453),x,2014-May-03,16:00-17:00,862,0,504,389,1071,0,0,0,0,0,1276,962,8,6,0,6,0,0,0,0,,
toronto/Noise-and-Vibration-report-HGC-On-The-Park.txt,EGLINTON AVE AT LESLIE ST (PX 453),x,2014-May-03,OFF HR,866,0,453,349,1177,0,0,0,0,0,1226,831,11,8,0,8,5,1,0,0,,
toronto/Noise-and-Vibration-report-HGC-On-The-Park.txt,EGLINTON AVE AT LESLIE ST (PX 453),x,2014-May-03,07:30-09:30,1244,0,484,538,1450,0,0,0,0,0,1195,826,22,14,0,15,23,3,0,4,,
toronto/Noise-and-Vibration-report-HGC-On-The-Park.txt,EGLINTON AVE AT LESLIE ST (PX 453),x,2014-May-03,16:00-18:00,1679,0,1000,721,2130,0,0,0,0,0,2451,1753,13,11,0,12,0,1,0,0,,
toronto/Noise-and-Vibration-report-HGC-On-The-Park.txt,EGLINTON AVE AT LESLIE ST (PX 453),x,2014-May-03,07:30-09:30/10:00-12:00/13:00-15:00/16:00-18:00,6382,0,3293,2652,8288,0,0,0,0,0,8548,5906,77,57,0,60,41,8,0,4,,
toronto/NoiseAndVibrationStudy_316Bloor.txt,BLOOR ST AT SPADINA AVE & SPADINA RD (PX 281),x,2013-Aug-15,08:15-09:15,37,565,119,28,257,71,89,240,45,89,868,54,316,323,195,399,16,127,50,41,,
toronto/NoiseAndVibrationStudy_316Bloor.txt,BLOOR ST AT SPADINA AVE & SPADINA RD (PX 281),x,2013-Aug-15,17:00-18:00,42,309,30,96,536,100,89,553,84,59,384,39,762,535,583,592,47,78,29,177,,
toronto/NoiseAndVibrationStudy_316Bloor.txt,BLOOR ST AT SPADINA AVE & SPADINA RD (PX 281),x,2013-Aug-15,OFF HR,49,328,72,64,305,93,109,305,58,65,394,49,543,297,359,376,18,78,24,62,,
toronto/NoiseAndVibrationStudy_316Bloor.txt,BLOOR ST AT SPADINA AVE & SPADINA RD (PX 281),x,2013-Aug-15,07:30-09:30,67,1032,199,78,532,147,168,435,94,152,1546,104,541,503,310,631,27,185,85,76,,
toronto/NoiseAndVibrationStudy_316Bloor.txt,BLOOR ST AT SPADINA AVE & SPADINA RD (PX 281),x,2013-Aug-15,16:00-18:00,87,604,82,173,1019,181,198,1048,166,113,752,86,,,,,,,,,,
toronto/NoiseAndVibrationStudy_316Bloor.txt,BLOOR ST AT SPADINA AVE & SPADINA RD (PX 281),x,2013-Aug-15,07:30-09:30/10:00-12:00/13:00-15:00/16:00-18:00,350,2947,563,503,2769,698,802,2703,491,523,3872,387,,,,,,,,,,
toronto/Traffic Report_3100 Keele.txt,KEELE ST AT SHEPPARD AVE (PX 600),x,2010-Dec-15,08:15-09:15,51,989,138,52,421,218,347,1053,207,176,795,124,50,32,50,53,1,0,1,1,,
toronto/Traffic Report_3100 Keele.txt,KEELE ST AT SHEPPARD AVE (PX 600),x,2010-Dec-15,17:00-18:00,43,1055,73,82,1255,412,180,1282,394,262,700,72,26,67,64,17,0,0,0,0,,
toronto/Traffic Report_3100 Keele.txt,KEELE ST AT SHEPPARD AVE (PX 600),x,2010-Dec-15,OFF HR,52,918,107,68,394,251,230,880,224,172,380,92,54,32,47,22,0,0,0,1,,
toronto/Traffic Report_3100 Keele.txt,KEELE ST AT SHEPPARD AVE (PX 600),x,2010-Dec-15,07:30-09:30,94,1869,240,78,812,378,625,1915,403,391,1464,212,75,56,79,60,1,0,1,1,,
toronto/Traffic Report_3100 Keele.txt,KEELE ST AT SHEPPARD AVE (PX 600),x,2010-Dec-15,16:00-18:00,100,2010,174,146,2236,785,372,2362,704,470,1257,179,73,143,127,56,0,0,0,1,,
toronto/Traffic Report_3100 Keele.txt,KEELE ST AT SHEPPARD AVE (PX 600),x,2010-Dec-15,07:30-09:30/10:00-12:00/13:00-15:00/16:00-18:00,402,7548,843,496,4624,2165,1914,7795,2004,1550,4243,757,363,325,393,203,1,0,2,4,,
toronto/Traffic Report_3100 Keele.txt,DIANA DR AT KEELE ST (PX 1548),x,2011-Oct-19,08:00-09:00,13,1511,0,0,0,0,0,1440,10,28,0,21,6,0,5,33,0,0,0,0,,
toronto/Traffic Report_3100 Keele.txt,DIANA DR AT KEELE ST (PX 1548),x,2011-Oct-19,16:15-17:15,45,1263,0,0,0,0,0,1264,20,9,0,21,31,0,33,42,16,0,0,0,,
toronto/Traffic Report_3100 Keele.txt,DIANA DR AT KEELE ST (PX 1548),x,2011-Oct-19,OFF HR,18,1230,0,0,0,0,0,1062,16,13,0,13,19,0,3,28,5,0,0,0,,
toronto/Traffic Report_3100 Keele.txt,DIANA DR AT KEELE ST (PX 1548),x,2011-Oct-19,07:30-09:30,27,2746,0,0,0,0,0,2666,18,52,0,33,23,0,7,49,1,0,0,0,,
toronto/Traffic Report_3100 Keele.txt,DIANA DR AT KEELE ST (PX 1548),x,2011-Oct-19,16:00-18:00,86,2456,0,0,0,0,0,2433,33,18,0,35,77,0,42,57,19,0,0,0,,
toronto/Traffic Report_3100 Keele.txt,DIANA DR AT KEELE ST (PX 1548),x,2011-Oct-19,07:30-09:30/10:00-12:00/13:00-15:00/16:00-18:00,184,10120,0,0,0,0,0,9347,116,121,0,121,176,0,59,217,41,0,0,0,,
toronto/York-Bay-Yonge Interchange ESR - App E.txt,BREMNER BLVD AT SPADINA AVE,x,2008-Aug-06,08:30-09:30,18,1136,122,104,10,311,124,2174,46,49,22,30,288,110,5,236,0,0,0,0,,
toronto/York-Bay-Yonge Interchange ESR - App E.txt,BREMNER BLVD AT SPADINA AVE,x,2008-Aug-06,17:00-18:00,20,1965,98,80,36,756,220,1179,49,31,12,25,424,163,0,271,0,0,0,0,,
toronto/York-Bay-Yonge Interchange ESR - App E.txt,BREMNER BLVD AT SPADINA AVE,x,2008-Aug-06,OFF HR,15,1488,70,69,11,282,140,1436,33,27,9,21,183,65,7,126,0,0,0,0,,
toronto/York-Bay-Yonge Interchange ESR - App E.txt,BREMNER BLVD AT SPADINA AVE,x,2008-Aug-06,07:30-09:30,38,2307,190,170,24,746,230,3931,103,113,43,56,708,185,7,457,0,0,0,0,,
toronto/York-Bay-Yonge Interchange ESR - App E.txt,BREMNER BLVD AT SPADINA AVE,x,2008-Aug-06,16:00-18:00,33,3707,180,168,73,1638,390,2315,85,73,30,52,788,243,5,483,0,0,0,0,,
toronto/York-Bay-Yonge Interchange ESR - App E.txt,BREMNER BLVD AT SPADINA AVE,x,2008-Aug-06,07:30-09:30/10:00-12:00/13:00-15:00/16:00-18:00,130,11962,648,614,140,3512,1180,11988,320,293,109,191,,687,38,,,0,0,,,
toronto/York-Bay-Yonge Interchange ESR - App E.txt,BREMNER BLVD AT REES ST,x,2009-Apr-23,08:15-09:15,0,0,0,0,160,27,251,0,464,277,128,0,0,93,19,40,0,0,0,0,,
toronto/York-Bay-Yonge Interchange ESR - App E.txt,BREMNER BLVD AT REES ST,x,2009-Apr-23,17:00-18:00,0,0,0,0,199,29,112,2,310,545,125,0,0,105,69,128,0,0,0,0,,
toronto/York-Bay-Yonge Interchange ESR - App E.txt,BREMNER BLVD AT REES ST,x,2009-Apr-23,OFF HR,0,0,0,0,117,31,68,0,133,200,130,0,0,38,24,30,0,0,0,0,,
toronto/York-Bay-Yonge Interchange ESR - App E.txt,BREMNER BLVD AT REES ST,x,2009-Apr-23,07:30-09:30,0,0,0,0,276,54,462,0,746,520,266,0,0,142,40,60,0,0,0,0,,
toronto/York-Bay-Yonge Interchange ESR - App E.txt,BREMNER BLVD AT REES ST,x,2009-Apr-23,16:00-18:00,0,0,0,0,362,78,172,2,505,897,271,0,0,176,107,181,0,0,0,0,,
toronto/York-Bay-Yonge Interchange ESR - App E.txt,BREMNER BLVD AT REES ST,x,2009-Apr-23,07:30-09:30/10:00-12:00/13:00-15:00/16:00-18:00,0,0,0,0,1103,257,907,2,1782,2218,1054,0,0,468,244,362,0,0,0,0,,
toronto/York-Bay-Yonge Interchange ESR - App E.txt,BREMNER BLVD AT LOWER SIMCOE ST,x,2009-Apr-23,08:30-09:30,0,0,0,0,70,21,111,0,145,51,261,0,0,18,51,46,0,0,0,0,,
toronto/York-Bay-Yonge Interchange ESR - App E.txt,BREMNER BLVD AT LOWER SIMCOE ST,x,2009-Apr-23,17:00-18:00,0,0,0,0,96,35,87,0,122,89,164,0,0,43,146,72,0,2,0,0,,
toronto/York-Bay-Yonge Interchange ESR - App E.txt,BREMNER BLVD AT LOWER SIMCOE ST,x,2009-Apr-23,OFF HR,0,0,0,0,66,24,82,0,56,42,139,0,0,15,59,29,0,0,0,0,,
toronto/York-Bay-Yonge Interchange ESR - App E.txt,BREMNER BLVD AT LOWER SIMCOE ST,x,2009-Apr-23,07:30-09:30,0,0,0,0,123,39,216,0,226,114,484,0,0,37,98,75,0,1,0,0,,
toronto/York-Bay-Yonge Interchange ESR - App E.txt,BREMNER BLVD AT LOWER SIMCOE ST,x,2009-Apr-23,16:00-18:00,0,0,0,0,178,52,141,0,201,167,257,0,0,78,244,130,0,2,0,0,,
toronto/York-Bay-Yonge Interchange ESR - App E.txt,BREMNER BLVD AT LOWER SIMCOE ST,x,2009-Apr-23,07:30-09:30/10:00-12:00/13:00-15:00/16:00-18:00,0,0,0,0,564,188,681,0,646,446,1294,0,0,174,579,322,0,3,0,0,,
toronto/York-Bay-Yonge Interchange ESR - App E.txt,BREMNER BLVD AT YORK ST,x,2009-Apr-22,07:30-08:30,40,610,13,6,8,10,5,1092,36,64,14,231,74,26,77,234,0,0,0,0,,
toronto/York-Bay-Yonge Interchange ESR - App E.txt,BREMNER BLVD AT YORK ST,x,2009-Apr-22,17:00-18:00,32,787,5,5,8,2,6,623,80,24,7,164,57,44,171,259,0,0,0,0,,
toronto/York-Bay-Yonge Interchange ESR - App E.txt,BREMNER BLVD AT YORK ST,x,2009-Apr-22,OFF HR,41,834,9,10,7,5,9,840,39,54,6,141,26,9,49,53,0,0,0,0,,
toronto/York-Bay-Yonge Interchange ESR - App E.txt,BREMNER BLVD AT YORK ST,x,2009-Apr-22,07:30-09:30,89,1146,22,11,14,19,9,2064,80,104,31,530,142,43,135,490,0,0,0,0,,
toronto/York-Bay-Yonge Interchange ESR - App E.txt,BREMNER BLVD AT YORK ST,x,2009-Apr-22,16:00-18:00,58,1475,7,10,13,2,7,1294,119,66,10,309,110,70,256,424,0,0,0,0,,
toronto/York-Bay-Yonge Interchange ESR - App E.txt,BREMNER BLVD AT YORK ST,x,2009-Apr-22,07:30-09:30/10:00-12:00/13:00-15:00/16:00-18:00,307,5957,65,62,53,38,51,6717,356,385,65,1400,356,147,588,,0,0,0,,,
toronto/York-Bay-Yonge Interchange ESR - App E.txt,FRONT ST AT SPADINA AVE,x,2007-Jul-18,08:30-09:30,49,608,99,47,189,182,322,1192,144,47,429,46,263,219,1,4,38,0,33,9,,
toronto/York-Bay-Yonge Interchange ESR - App E.txt,FRONT ST AT SPADINA AVE,x,2007-Jul-18,17:00-18:00,11,667,42,25,457,525,117,603,106,164,238,18,195,339,0,4,6,0,0,7,,
toronto/York-Bay-Yonge Interchange ESR - App E.txt,FRONT ST AT SPADINA AVE,x,2007-Jul-18,OFF HR,48,789,108,45,175,411,175,834,117,96,162,23,122,172,2,6,12,0,0,8,,
toronto/York-Bay-Yonge Interchange ESR - App E.txt,FRONT ST AT SPADINA AVE,x,2007-Jul-18,07:30-09:30,76,1182,167,79,297,365,658,2133,241,140,864,98,487,351,2,6,54,1,37,13,,
toronto/York-Bay-Yonge Interchange ESR - App E.txt,FRONT ST AT SPADINA AVE,x,2007-Jul-18,16:00-18:00,33,1145,110,80,828,1027,240,1163,198,324,419,42,333,487,0,10,15,0,0,11,,
toronto/York-Bay-Yonge Interchange ESR - App E.txt,FRONT ST AT SPADINA AVE,x,2007-Jul-18,07:30-09:30/10:00-12:00/13:00-15:00/16:00-18:00,298,5480,710,336,1824,3034,1599,6632,905,848,1929,231,,,9,41,,,37,57,,
toronto/York-Bay-Yonge Interchange ESR - App E.txt,BLUE JAYS WAY AT FRONT ST,x,2007-May-28,08:00-09:00,98,134,63,51,269,81,279,345,23,35,772,95,355,235,190,9,6,15,31,0,,
toronto/York-Bay-Yonge Interchange ESR - App E.txt,BLUE JAYS WAY AT FRONT ST,x,2007-May-28,16:00-17:00,261,365,40,15,520,266,81,119,14,86,310,46,138,121,149,111,7,1,9,0,,
toronto/York-Bay-Yonge Interchange ESR - App E.txt,BLUE JAYS WAY AT FRONT ST,x,2007-May-28,OFF HR,114,183,64,27,384,129,92,121,23,32,318,79,280,161,92,25,3,3,9,0,,
toronto/York-Bay-Yonge Interchange ESR - App E.txt,BLUE JAYS WAY AT FRONT ST,x,2007-May-28,07:30-09:30,183,244,124,83,510,154,508,559,43,61,1463,209,598,349,297,28,8,23,56,0,,
toronto/York-Bay-Yonge Interchange ESR - App E.txt,BLUE JAYS WAY AT FRONT ST,x,2007-May-28,16:00-18:00,484,732,46,17,992,500,150,230,26,158,648,103,340,394,415,271,14,1,12,2,,
toronto/York-Bay-Yonge Interchange ESR - App E.txt,BLUE JAYS WAY AT FRONT ST,x,2007-May-28,07:30-09:30/10:00-12:00/13:00-15:00/16:00-18:00,1122,1706,424,208,3040,1168,1025,1273,160,348,3379,624,,,,397,,,,2,,
toronto/York-Bay-Yonge Interchange ESR - App E.txt,FRONT ST AT JOHN ST,x,2009-Apr-23,08:30-09:30,79,0,95,93,339,0,14,11,15,4,845,324,367,562,,683,0,0,,0,,
toronto/York-Bay-Yonge Interchange ESR - App E.txt,FRONT ST AT JOHN ST,x,2009-Apr-23,17:00-18:00,282,0,152,116,989,0,58,29,95,8,661,115,925,,,,0,,,,,
toronto/York-Bay-Yonge Interchange ESR - App E.txt,FRONT ST AT JOHN ST,x,2009-Apr-23,OFF HR,114,0,79,77,417,0,20,9,28,0,460,108,188,420,564,334,0,0,0,0,,
toronto/York-Bay-Yonge Interchange ESR - App E.txt,FRONT ST AT JOHN ST,x,2009-Apr-23,07:30-09:30,151,0,144,173,627,0,39,16,31,4,1483,609,520,870,,,0,0,,,,
toronto/York-Bay-Yonge Interchange ESR - App E.txt,FRONT ST AT JOHN ST,x,2009-Apr-23,16:00-18:00,480,0,246,173,1516,0,106,53,176,8,1047,192,,,,,,,,,,
toronto/York-Bay-Yonge Interchange ESR - App E.txt,FRONT ST AT JOHN ST,x,2009-Apr-23,07:30-09:30/10:00-12:00/13:00-15:00/16:00-18:00,1089,0,702,654,3805,0,225,102,320,13,4369,1233,,,,,,,,,,
toronto/York-Bay-Yonge Interchange ESR - App E.txt,FRONT ST AT SIMCOE ST,x,2009-Apr-23,07:45-08:45,178,75,131,0,652,15,17,0,10,156,1069,0,,930,,982,,1,,0,,
toronto/York-Bay-Yonge Interchange ESR - App E.txt,FRONT ST AT SIMCOE ST,x,2009-Apr-23,17:00-18:00,378,56,357,0,790,15,41,0,9,95,783,0,,840,,623,,0,,0,,
toronto/York-Bay-Yonge Interchange ESR - App E.txt,FRONT ST AT SIMCOE ST,x,2009-Apr-23,OFF HR,131,23,115,0,459,11,25,0,6,45,613,0,527,123,313,149,0,0,0,0,,
toronto/York-Bay-Yonge Interchange ESR - App E.txt,FRONT ST AT SIMCOE ST,x,2009-Apr-23,07:30-09:30,337,122,236,0,1232,22,36,0,16,273,2180,0,,,,,,,,,,
toronto/York-Bay-Yonge Interchange ESR - App E.txt,FRONT ST AT SIMCOE ST,x,2009-Apr-23,16:00-18:00,576,126,638,0,1446,27,76,0,11,153,1529,0,,,,,,,,,,
toronto/York-Bay-Yonge Interchange ESR - App E.txt,FRONT ST AT SIMCOE ST,x,2009-Apr-23,07:30-09:30/10:00-12:00/13:00-15:00/16:00-18:00,1432,338,1333,0,4511,93,210,0,49,607,6161,0,,,,,,,,,,
toronto/York-Bay-Yonge Interchange ESR - App E.txt,FRONT ST AT UNIVERSITY AVE & YORK ST,x,2009-Apr-22,08:15-09:15,0,583,0,56,328,0,31,440,346,94,398,43,613,,554,596,0,,0,0,,
toronto/York-Bay-Yonge Interchange ESR - App E.txt,FRONT ST AT UNIVERSITY AVE & YORK ST,x,2009-Apr-22,17:00-18:00,0,791,0,124,442,0,44,319,479,130,380,78,411,487,460,418,0,0,0,0,,
toronto/York-Bay-Yonge Interchange ESR - App E.txt,FRONT ST AT UNIVERSITY AVE & YORK ST,x,2009-Apr-22,OFF HR,0,796,0,101,409,0,43,296,403,131,257,33,238,233,305,165,0,0,0,0,,
toronto/York-Bay-Yonge Interchange ESR - App E.txt,FRONT ST AT UNIVERSITY AVE & YORK ST,x,2009-Apr-22,07:30-09:30,0,1188,0,112,647,0,71,809,669,188,744,86,,,909,950,,,0,0,,
toronto/York-Bay-Yonge Interchange ESR - App E.txt,FRONT ST AT UNIVERSITY AVE & YORK ST,x,2009-Apr-22,16:00-18:00,0,1556,0,207,858,0,113,647,933,259,794,142,680,810,779,668,0,0,0,0,,
toronto/York-Bay-Yonge Interchange ESR - App E.txt,FRONT ST AT UNIVERSITY AVE & YORK ST,x,2009-Apr-22,07:30-09:30/10:00-12:00/13:00-15:00/16:00-18:00,0,5923,0,721,3140,0,353,2640,3214,966,2563,361,,,,,,,,,,
toronto/York-Bay-Yonge Interchange ESR - App E.txt,BAY ST AT FRONT ST,x,2009-Apr-22,08:00-09:00,16,357,62,46,422,63,56,916,37,33,344,67,198,,607,253,0,,0,0,,
toronto/York-Bay-Yonge Interchange ESR - App E.txt,BAY ST AT FRONT ST,x,2009-Apr-22,16:45-17:45,39,536,105,87,423,244,55,755,92,29,591,88,355,,,489,0,,,0,,
toronto/York-Bay-Yonge Interchange ESR - App E.txt,BAY ST AT FRONT ST,x,2009-Apr-22,OFF HR,58,393,70,64,263,63,45,558,50,54,387,120,164,160,293,18,0,0,0,0,,
toronto/York-Bay-Yonge Interchange ESR - App E.txt,BAY ST AT FRONT ST,x,2009-Apr-22,07:30-09:30,44,632,124,89,728,115,99,1821,76,86,685,125,445,,814,322,0,,0,0,,
toronto/York-Bay-Yonge Interchange ESR - App E.txt,BAY ST AT FRONT ST,x,2009-Apr-22,16:00-18:00,65,1089,212,167,778,420,106,1436,163,72,1129,212,722,,,839,0,,,0,,
toronto/York-Bay-Yonge Interchange ESR - App E.txt,BAY ST AT FRONT ST,x,2009-Apr-22,07:30-09:30/10:00-12:00/13:00-15:00/16:00-18:00,343,3292,617,509,2559,788,385,5487,435,373,3359,818,,,,,,,,,,
toronto/York-Bay-Yonge Interchange ESR - App E.txt,FRONT ST AT YONGE ST,x,2009-Apr-22,08:30-09:30,88,221,27,0,0,0,120,871,192,36,394,95,459,209,538,235,0,0,0,0,,
toronto/York-Bay-Yonge Interchange ESR - App E.txt,FRONT ST AT YONGE ST,x,2009-Apr-22,17:00-18:00,124,441,43,0,0,0,112,541,130,74,625,84,577,493,,,0,0,,,,
toronto/York-Bay-Yonge Interchange ESR - App E.txt,FRONT ST AT YONGE ST,x,2009-Apr-22,OFF HR,99,317,41,0,0,0,119,500,144,51,384,101,234,121,257,224,0,0,0,0,,
toronto/York-Bay-Yonge Interchange ESR - App E.txt,FRONT ST AT YONGE ST,x,2009-Apr-22,07:30-09:30,194,470,47,0,0,0,263,1707,389,79,694,162,946,414,,790,0,0,,0,,
toronto/York-Bay-Yonge Interchange ESR - App E.txt,FRONT ST AT YONGE ST,x,2009-Apr-22,16:00-18:00,250,887,83,0,0,0,218,1047,234,135,1186,177,942,765,,,0,0,,,,
toronto/York-Bay-Yonge Interchange ESR - App E.txt,FRONT ST AT YONGE ST,x,2009-Apr-22,07:30-09:30/10:00-12:00/13:00-15:00/16:00-18:00,838,2625,290,0,0,0,956,4752,1201,418,3415,744,,,,,,,,,,
toronto/York-Bay-Yonge Interchange ESR - App E.txt,CHURCH ST AT FRONT ST & WELLINGTON ST,x,2009-Apr-23,08:30-09:30,175,161,91,150,1137,19,32,296,16,26,440,205,390,196,344,316,0,0,0,0,,
toronto/York-Bay-Yonge Interchange ESR - App E.txt,CHURCH ST AT FRONT ST & WELLINGTON ST,x,2009-Apr-23,17:00-18:00,287,306,106,73,775,42,99,235,8,37,1123,161,577,204,920,465,0,0,0,0,,
toronto/York-Bay-Yonge Interchange ESR - App E.txt,CHURCH ST AT FRONT ST & WELLINGTON ST,x,2009-Apr-23,OFF HR,151,122,79,78,432,27,41,118,18,43,418,166,199,159,386,193,0,0,0,0,,
toronto/York-Bay-Yonge Interchange ESR - App E.txt,CHURCH ST AT FRONT ST & WELLINGTON ST,x,2009-Apr-23,07:30-09:30,294,307,157,260,2027,59,53,502,40,51,696,355,486,242,489,432,0,0,0,0,,
toronto/York-Bay-Yonge Interchange ESR - App E.txt,CHURCH ST AT FRONT ST & WELLINGTON ST,x,2009-Apr-23,16:00-18:00,391,464,198,137,1170,75,142,366,46,96,1730,299,697,244,,640,0,0,,0,,
toronto/York-Bay-Yonge Interchange ESR - App E.txt,CHURCH ST AT FRONT ST & WELLINGTON ST,x,2009-Apr-23,07:30-09:30/10:00-12:00/13:00-15:00/16:00-18:00,1287,1260,668,706,4924,239,359,1340,156,315,4097,1315,,,,,,,,,,
toronto/York-Bay-Yonge Interchange ESR - App E.txt,FRONT ST AT JARVIS ST,x,2007-Jun-21,08:15-09:15,86,748,73,53,628,98,77,904,58,66,243,62,168,178,434,294,11,19,5,10,,
toronto/York-Bay-Yonge Interchange ESR - App E.txt,FRONT ST AT JARVIS ST,x,2007-Jun-21,16:15-17:15,83,804,39,64,378,41,96,699,64,86,550,75,145,139,455,387,1,2,7,11,,
toronto/York-Bay-Yonge Interchange ESR - App E.txt,FRONT ST AT JARVIS ST,x,2007-Jun-21,OFF HR,92,730,40,51,356,43,108,588,67,102,304,82,160,155,404,415,5,7,6,16,,
toronto/York-Bay-Yonge Interchange ESR - App E.txt,FRONT ST AT JARVIS ST,x,2007-Jun-21,07:30-09:30,166,1387,118,92,1141,171,134,1690,110,118,451,118,290,326,683,448,13,30,7,21,,
toronto/York-Bay-Yonge Interchange ESR - App E.txt,FRONT ST AT JARVIS ST,x,2007-Jun-21,16:00-18:00,151,1584,65,102,688,61,164,1359,106,147,1087,119,255,233,800,692,1,3,11,25,,
toronto/York-Bay-Yonge Interchange ESR - App E.txt,FRONT ST AT JARVIS ST,x,2007-Jun-21,07:30-09:30/10:00-12:00/13:00-15:00/16:00-18:00,683,5889,340,398,3253,406,730,5398,481,672,2757,562,,,,,,,,,,
toronto/York-Bay-Yonge Interchange ESR - App E.txt,HARBOUR ST AT YORK ST,x,2009-Apr-21,08:30-09:30,0,153,110,0,0,0,375,562,0,25,1107,12,20,6,50,342,0,0,0,0,,
toronto/York-Bay-Yonge Interchange ESR - App E.txt,HARBOUR ST AT YORK ST,x,2009-Apr-21,17:00-18:00,0,165,208,0,0,0,253,454,0,20,803,5,31,19,48,451,0,0,0,0,,
toronto/York-Bay-Yonge Interchange ESR - App E.txt,HARBOUR ST AT YORK ST,x,2009-Apr-21,OFF HR,0,135,190,0,0,0,199,605,0,12,320,6,12,7,27,103,0,0,0,0,,
toronto/York-Bay-Yonge Interchange ESR - App E.txt,HARBOUR ST AT YORK ST,x,2009-Apr-21,07:30-09:30,0,302,217,0,0,0,698,1088,0,39,2129,39,34,12,102,635,0,0,0,0,,
toronto/York-Bay-Yonge Interchange ESR - App E.txt,HARBOUR ST AT YORK ST,x,2009-Apr-21,16:00-18:00,0,303,398,0,0,0,484,843,0,37,1291,11,44,23,70,652,0,0,0,0,,
toronto/York-Bay-Yonge Interchange ESR - App E.txt,HARBOUR ST AT YORK ST,x,2009-Apr-21,07:30-09:30/10:00-12:00/13:00-15:00/16:00-18:00,0,1143,1377,0,0,0,1977,4348,0,124,4696,72,126,63,279,,0,0,0,,,
toronto/York-Bay-Yonge Interchange ESR - App E.txt,BAY ST AT HARBOUR ST,x,2009-Apr-21,08:00-09:00,0,206,78,0,0,0,36,286,0,194,770,734,3,203,125,,0,0,0,,,
toronto/York-Bay-Yonge Interchange ESR - App E.txt,BAY ST AT HARBOUR ST,x,2009-Apr-21,17:00-18:00,0,198,188,0,0,0,28,229,0,78,731,512,20,170,93,907,0,0,0,0,,
toronto/York-Bay-Yonge Interchange ESR - App E.txt,BAY ST AT HARBOUR ST,x,2009-Apr-21,OFF HR,0,155,112,0,0,0,17,164,0,68,397,401,12,52,39,263,0,0,0,0,,
toronto/York-Bay-Yonge Interchange ESR - App E.txt,BAY ST AT HARBOUR ST,x,2009-Apr-21,07:30-09:30,0,374,161,0,0,0,57,470,0,318,1375,1436,20,285,188,,0,0,0,,,
toronto/York-Bay-Yonge Interchange ESR - App E.txt,BAY ST AT HARBOUR ST,x,2009-Apr-21,16:00-18:00,0,378,359,0,0,0,56,410,0,159,1247,937,32,305,132,,0,0,0,,,
toronto/York-Bay-Yonge Interchange ESR - App E.txt,BAY ST AT HARBOUR ST,x,2009-Apr-21,07:30-09:30/10:00-12:00/13:00-15:00/16:00-18:00,0,1374,970,0,0,0,182,1536,0,750,4205,3975,98,799,474,,0,0,0,,,
toronto/York-Bay-Yonge Interchange ESR - App E.txt,HARBOUR ST AT LAKE SHORE BLVD & YONGE ST,x,2009-Apr-21,08:00-09:00,0,207,0,0,0,0,31,122,0,51,548,1125,2,243,39,228,0,0,0,0,,
toronto/York-Bay-Yonge Interchange ESR - App E.txt,HARBOUR ST AT LAKE SHORE BLVD & YONGE ST,x,2009-Apr-21,17:00-18:00,0,308,0,0,0,0,43,190,0,55,840,590,7,181,40,251,0,0,0,0,,
toronto/York-Bay-Yonge Interchange ESR - App E.txt,HARBOUR ST AT LAKE SHORE BLVD & YONGE ST,x,2009-Apr-21,OFF HR,0,186,0,0,0,0,36,155,0,49,438,528,6,121,19,85,0,0,0,0,,
toronto/York-Bay-Yonge Interchange ESR - App E.txt,HARBOUR ST AT LAKE SHORE BLVD & YONGE ST,x,2009-Apr-21,07:30-09:30,0,387,0,0,0,0,76,241,0,80,1068,2160,7,388,56,402,0,0,0,0,,
toronto/York-Bay-Yonge Interchange ESR - App E.txt,HARBOUR ST AT LAKE SHORE BLVD & YONGE ST,x,2009-Apr-21,16:00-18:00,0,536,0,0,0,0,84,369,0,117,1446,1074,13,295,46,460,0,0,0,0,,
toronto/York-Bay-Yonge Interchange ESR - App E.txt,HARBOUR ST AT LAKE SHORE BLVD & YONGE ST,x,2009-Apr-21,07:30-09:30/10:00-12:00/13:00-15:00/16:00-18:00,0,1665,0,0,0,0,305,1231,0,395,4265,5343,44,,178,,0,,0,,,
toronto/York-Bay-Yonge Interchange ESR - App E.txt,KING ST AT SPADINA AVE,x,2007-Jun-25,08:30-09:30,107,793,0,50,371,13,91,1128,151,107,478,8,620,145,538,455,58,33,22,124,,
toronto/York-Bay-Yonge Interchange ESR - App E.txt,KING ST AT SPADINA AVE,x,2007-Jun-25,17:00-18:00,100,925,0,84,451,9,52,749,109,108,387,7,,317,585,636,,131,55,52,,
toronto/York-Bay-Yonge Interchange ESR - App E.txt,KING ST AT SPADINA AVE,x,2007-Jun-25,OFF HR,88,930,0,65,267,69,95,874,116,90,321,33,363,192,322,268,25,34,18,54,,
toronto/York-Bay-Yonge Interchange ESR - App E.txt,KING ST AT SPADINA AVE,x,2007-Jun-25,07:30-09:30,170,1471,0,84,633,14,170,1964,235,164,803,13,943,227,819,654,91,57,38,227,,
toronto/York-Bay-Yonge Interchange ESR - App E.txt,KING ST AT SPADINA AVE,x,2007-Jun-25,16:00-18:00,191,1772,0,152,893,26,124,1389,246,196,665,12,,475,859,950,,195,88,116,,
toronto/York-Bay-Yonge Interchange ESR - App E.txt,KING ST AT SPADINA AVE,x,2007-Jun-25,07:30-09:30/10:00-12:00/13:00-15:00/16:00-18:00,715,6962,0,496,2591,315,673,6849,945,722,2753,154,,,,,,,,,,
toronto/York-Bay-Yonge Interchange ESR - App E.txt,BLUE JAYS WAY AT KING ST & PETER ST,x,2009-Apr-23,08:30-09:30,21,148,20,26,298,12,130,374,60,46,458,5,190,135,318,58,0,0,0,0,,
toronto/York-Bay-Yonge Interchange ESR - App E.txt,BLUE JAYS WAY AT KING ST & PETER ST,x,2009-Apr-23,17:00-18:00,51,255,24,63,470,6,94,274,68,79,449,7,139,147,286,41,0,0,0,0,,
toronto/York-Bay-Yonge Interchange ESR - App E.txt,BLUE JAYS WAY AT KING ST & PETER ST,x,2009-Apr-23,OFF HR,31,166,20,34,312,37,99,227,43,49,302,21,175,102,140,35,0,0,0,0,,
toronto/York-Bay-Yonge Interchange ESR - App E.txt,BLUE JAYS WAY AT KING ST & PETER ST,x,2009-Apr-23,07:30-09:30,36,274,31,45,543,15,212,655,97,87,817,8,422,269,573,81,0,0,0,0,,
toronto/York-Bay-Yonge Interchange ESR - App E.txt,BLUE JAYS WAY AT KING ST & PETER ST,x,2009-Apr-23,16:00-18:00,98,488,44,114,935,18,196,482,125,136,771,8,241,215,450,59,0,0,0,0,,
toronto/York-Bay-Yonge Interchange ESR - App E.txt,BLUE JAYS WAY AT KING ST & PETER ST,x,2009-Apr-23,07:30-09:30/10:00-12:00/13:00-15:00/16:00-18:00,256,1425,152,292,2723,179,802,2045,394,420,2794,98,,891,,278,,0,,0,,
toronto/York-Bay-Yonge Interchange ESR - App E.txt,JOHN ST AT KING ST,x,2007-Jun-25,08:30-09:30,39,172,14,30,295,14,60,223,33,57,448,16,484,422,371,138,0,0,0,0,,
toronto/York-Bay-Yonge Interchange ESR - App E.txt,JOHN ST AT KING ST,x,2007-Jun-25,17:00-18:00,58,310,25,35,423,20,56,335,46,78,426,10,545,211,685,161,0,0,0,0,,
toronto/York-Bay-Yonge Interchange ESR - App E.txt,JOHN ST AT KING ST,x,2007-Jun-25,OFF HR,47,170,14,35,299,49,39,165,33,65,277,30,260,421,421,182,0,0,0,0,,
toronto/York-Bay-Yonge Interchange ESR - App E.txt,JOHN ST AT KING ST,x,2007-Jun-25,07:30-09:30,52,338,26,58,547,16,99,391,62,145,792,21,847,760,703,211,0,0,0,0,,
toronto/York-Bay-Yonge Interchange ESR - App E.txt,JOHN ST AT KING ST,x,2007-Jun-25,16:00-18:00,99,597,41,77,788,35,100,601,102,143,710,14,809,453,,318,0,0,,0,,
toronto/York-Bay-Yonge Interchange ESR - App E.txt,JOHN ST AT KING ST,x,2007-Jun-25,07:30-09:30/10:00-12:00/13:00-15:00/16:00-18:00,335,1616,124,273,2527,244,352,1649,298,544,2606,157,,,,,,,,,,
toronto/York-Bay-Yonge Interchange ESR - App E.txt,KING ST AT SIMCOE ST,x,2007-Jul-17,08:00-09:00,41,209,29,0,351,5,0,0,0,105,314,0,986,177,,332,36,56,,117,,
toronto/York-Bay-Yonge Interchange ESR - App E.txt,KING ST AT SIMCOE ST,x,2007-Jul-17,16:45-17:45,39,330,73,0,790,11,0,0,0,55,830,0,,310,,436,,62,,52,,
toronto/York-Bay-Yonge Interchange ESR - App E.txt,KING ST AT SIMCOE ST,x,2007-Jul-17,OFF HR,35,137,36,0,376,31,0,0,0,48,330,0,933,203,841,291,11,43,6,40,,
toronto/York-Bay-Yonge Interchange ESR - App E.txt,KING ST AT SIMCOE ST,x,2007-Jul-17,07:30-09:30,78,343,57,0,696,15,0,0,0,185,584,0,,282,,481,,97,,187,,
toronto/York-Bay-Yonge Interchange ESR - App E.txt,KING ST AT SIMCOE ST,x,2007-Jul-17,16:00-18:00,79,583,125,0,1326,20,0,0,0,135,1247,0,,514,,743,,164,,106,,
toronto/York-Bay-Yonge Interchange ESR - App E.txt,KING ST AT SIMCOE ST,x,2007-Jul-17,07:30-09:30/10:00-12:00/13:00-15:00/16:00-18:00,300,1476,326,0,3522,158,0,0,0,514,3150,0,,,,,,,,,,
toronto/York-Bay-Yonge Interchange ESR - App E.txt,KING ST AT UNIVERSITY AVE,x,2009-Apr-23,08:00-09:00,28,655,183,88,273,0,37,803,16,46,396,2,326,401,362,362,0,0,0,0,,
toronto/York-Bay-Yonge Interchange ESR - App E.txt,KING ST AT UNIVERSITY AVE,x,2009-Apr-23,17:00-18:00,15,789,4,51,479,1,10,572,12,9,446,2,263,383,601,232,0,0,0,0,,
toronto/York-Bay-Yonge Interchange ESR - App E.txt,KING ST AT UNIVERSITY AVE,x,2009-Apr-23,OFF HR,43,846,52,58,259,26,23,677,13,35,307,33,276,177,521,181,0,0,0,0,,
toronto/York-Bay-Yonge Interchange ESR - App E.txt,KING ST AT UNIVERSITY AVE,x,2009-Apr-23,07:30-09:30,60,1376,350,156,462,13,66,1548,22,86,644,15,587,606,556,593,0,0,0,0,,
toronto/York-Bay-Yonge Interchange ESR - App E.txt,KING ST AT UNIVERSITY AVE,x,2009-Apr-23,16:00-18:00,21,1426,7,118,804,4,33,1150,23,15,805,7,490,728,945,388,0,0,0,0,,
toronto/York-Bay-Yonge Interchange ESR - App E.txt,KING ST AT UNIVERSITY AVE,x,2009-Apr-23,07:30-09:30/10:00-12:00/13:00-15:00/16:00-18:00,250,6184,564,503,2303,120,188,5406,98,238,2678,153,,,,,,,,,,
toronto/York-Bay-Yonge Interchange ESR - App E.txt,KING ST AT YORK ST,x,2009-Apr-23,08:15-09:15,0,0,0,224,316,0,86,645,39,0,572,18,550,487,618,428,0,0,0,0,,
toronto/York-Bay-Yonge Interchange ESR - App E.txt,KING ST AT YORK ST,x,2009-Apr-23,17:00-18:00,0,0,0,129,401,0,144,478,70,0,544,3,563,971,728,470,0,0,0,0,,
toronto/York-Bay-Yonge Interchange ESR - App E.txt,KING ST AT YORK ST,x,2009-Apr-23,OFF HR,0,0,0,126,319,0,132,416,55,0,362,39,411,337,447,248,0,0,0,0,,
toronto/York-Bay-Yonge Interchange ESR - App E.txt,KING ST AT YORK ST,x,2009-Apr-23,07:30-09:30,0,0,0,404,567,0,164,1239,65,0,964,34,915,921,985,816,0,0,0,0,,
toronto/York-Bay-Yonge Interchange ESR - App E.txt,KING ST AT YORK ST,x,2009-Apr-23,16:00-18:00,0,0,0,244,746,0,306,867,130,0,978,4,,,,906,,,,0,,
toronto/York-Bay-Yonge Interchange ESR - App E.txt,KING ST AT YORK ST,x,2009-Apr-23,07:30-09:30/10:00-12:00/13:00-15:00/16:00-18:00,0,0,0,1151,2589,0,998,3766,416,0,3388,193,,,,,,,,,,
toronto/York-Bay-Yonge Interchange ESR - App E.txt,BAY ST AT KING ST,x,2009-Apr-23,08:15-09:15,141,468,0,88,414,0,85,1027,0,167,562,0,409,775,765,931,0,0,0,0,,
toronto/York-Bay-Yonge Interchange ESR - App E.txt,BAY ST AT KING ST,x,2009-Apr-23,17:00-18:00,128,713,0,86,422,0,69,747,0,25,1179,0,492,910,925,,0,0,0,,,
toronto/York-Bay-Yonge Interchange ESR - App E.txt,BAY ST AT KING ST,x,2009-Apr-23,OFF HR,128,629,0,44,347,0,96,599,0,131,541,0,389,432,549,526,0,0,0,0,,
toronto/York-Bay-Yonge Interchange ESR - App E.txt,BAY ST AT KING ST,x,2009-Apr-23,07:30-09:30,226,861,0,184,805,0,178,1783,0,298,944,0,664,,,,0,,,,,
toronto/York-Bay-Yonge Interchange ESR - App E.txt,BAY ST AT KING ST,x,2009-Apr-23,16:00-18:00,241,1403,0,150,767,0,159,1331,0,55,2203,0,,,,,,,,,,
toronto/York-Bay-Yonge Interchange ESR - App E.txt,BAY ST AT KING ST,x,2009-Apr-23,07:30-09:30/10:00-12:00/13:00-15:00/16:00-18:00,975,4779,0,509,2957,1,723,5512,0,872,5312,0,,,,,,,,,,
toronto/York-Bay-Yonge Interchange ESR - App E.txt,KING ST AT YONGE ST,x,2007-Aug-08,08:30-09:30,146,625,0,45,416,0,43,624,0,70,297,1,919,882,992,759,0,33,8,0,,
toronto/York-Bay-Yonge Interchange ESR - App E.txt,KING ST AT YONGE ST,x,2007-Aug-08,17:00-18:00,77,675,0,41,346,0,27,538,0,120,589,2,310,,,754,3,,,0,,
toronto/York-Bay-Yonge Interchange ESR - App E.txt,KING ST AT YONGE ST,x,2007-Aug-08,OFF HR,109,621,0,48,300,0,60,493,0,83,286,1,630,820,741,733,0,11,5,0,,
toronto/York-Bay-Yonge Interchange ESR - App E.txt,KING ST AT YONGE ST,x,2007-Aug-08,07:30-09:30,268,1140,0,91,771,0,86,1212,0,154,454,2,,,,,,,,,,
toronto/York-Bay-Yonge Interchange ESR - App E.txt,KING ST AT YONGE ST,x,2007-Aug-08,16:00-18:00,171,1375,0,81,649,0,62,957,0,236,1099,2,730,,,,3,,,,,
toronto/York-Bay-Yonge Interchange ESR - App E.txt,KING ST AT YONGE ST,x,2007-Aug-08,07:30-09:30/10:00-12:00/13:00-15:00/16:00-18:00,875,4996,0,362,2620,0,384,4142,0,719,2699,6,,,,,,,,,,
toronto/York-Bay-Yonge Interchange ESR - App E.txt,CHURCH ST AT KING ST,x,2009-Apr-23,08:15-09:15,70,374,24,57,474,15,29,371,45,79,294,12,468,129,563,233,0,0,0,0,,
toronto/York-Bay-Yonge Interchange ESR - App E.txt,CHURCH ST AT KING ST,x,2009-Apr-23,17:00-18:00,54,529,46,51,394,7,82,473,49,88,769,31,649,488,774,292,0,0,0,0,,
toronto/York-Bay-Yonge Interchange ESR - App E.txt,CHURCH ST AT KING ST,x,2009-Apr-23,OFF HR,67,305,38,39,268,21,36,227,33,77,263,57,431,291,433,202,0,0,0,0,,
toronto/York-Bay-Yonge Interchange ESR - App E.txt,CHURCH ST AT KING ST,x,2009-Apr-23,07:30-09:30,126,683,41,92,833,24,47,654,90,155,490,29,738,191,903,333,0,0,0,0,,
toronto/York-Bay-Yonge Interchange ESR - App E.txt,CHURCH ST AT KING ST,x,2009-Apr-23,16:00-18:00,104,882,83,89,690,13,137,825,94,175,1305,43,,774,,455,,0,,0,,
toronto/York-Bay-Yonge Interchange ESR - App E.txt,CHURCH ST AT KING ST,x,2009-Apr-23,07:30-09:30/10:00-12:00/13:00-15:00/16:00-18:00,496,2781,275,335,2596,121,327,2385,318,637,2848,300,,,,,,,,,,
toronto/York-Bay-Yonge Interchange ESR - App E.txt,JARVIS ST AT KING ST,x,2007-Jun-25,08:30-09:30,88,756,3,41,559,10,11,688,0,28,209,22,423,246,508,80,11,146,4,22,,
toronto/York-Bay-Yonge Interchange ESR - App E.txt,JARVIS ST AT KING ST,x,2007-Jun-25,17:00-18:00,31,919,0,43,650,1,8,559,0,42,630,2,998,251,312,72,30,117,4,68,,
toronto/York-Bay-Yonge Interchange ESR - App E.txt,JARVIS ST AT KING ST,x,2007-Jun-25,OFF HR,57,829,2,33,316,12,22,582,1,36,244,24,355,137,253,73,10,54,5,10,,
toronto/York-Bay-Yonge Interchange ESR - App E.txt,JARVIS ST AT KING ST,x,2007-Jun-25,07:30-09:30,161,1580,4,78,1001,10,24,1217,1,60,328,22,731,425,682,127,21,242,8,35,,
toronto/York-Bay-Yonge Interchange ESR - App E.txt,JARVIS ST AT KING ST,x,2007-Jun-25,16:00-18:00,71,1812,0,82,1012,4,24,1237,3,76,1140,6,,354,524,184,,198,10,108,,
toronto/York-Bay-Yonge Interchange ESR - App E.txt,JARVIS ST AT KING ST,x,2007-Jun-25,07:30-09:30/10:00-12:00/13:00-15:00/16:00-18:00,460,6705,10,293,3278,63,136,4777,6,277,2440,124,,,,602,,,,181,,
toronto/York-Bay-Yonge Interchange ESR - App E.txt,LAKE SHORE BLVD AT SPADINA AVE,x,2009-Apr-21,07:45-08:45,947,105,219,621,0,0,34,121,0,79,2290,1205,0,110,3,22,0,0,0,0,,
toronto/York-Bay-Yonge Interchange ESR - App E.txt,LAKE SHORE BLVD AT SPADINA AVE,x,2009-Apr-21,17:00-18:00,1568,93,356,296,0,0,57,201,0,86,1713,1054,0,190,15,40,0,0,0,0,,
toronto/York-Bay-Yonge Interchange ESR - App E.txt,LAKE SHORE BLVD AT SPADINA AVE,x,2009-Apr-21,OFF HR,1050,82,288,393,0,0,30,105,0,48,761,948,0,74,13,22,0,0,0,0,,
toronto/York-Bay-Yonge Interchange ESR - App E.txt,LAKE SHORE BLVD AT SPADINA AVE,x,2009-Apr-21,07:30-09:30,1698,183,429,1274,0,0,51,257,0,128,4207,2136,0,206,16,44,0,0,0,0,,
toronto/York-Bay-Yonge Interchange ESR - App E.txt,LAKE SHORE BLVD AT SPADINA AVE,x,2009-Apr-21,16:00-18:00,3094,170,667,543,0,0,98,377,0,158,2792,1925,1,269,29,54,0,0,0,0,,
toronto/York-Bay-Yonge Interchange ESR - App E.txt,LAKE SHORE BLVD AT SPADINA AVE,x,2009-Apr-21,07:30-09:30/10:00-12:00/13:00-15:00/16:00-18:00,8992,681,2245,3389,0,0,267,1053,0,476,10040,7852,1,770,98,184,0,0,0,0,,
toronto/York-Bay-Yonge Interchange ESR - App E.txt,LAKE SHORE BLVD AT REES ST,x,2009-Apr-21,08:30-09:30,9,69,159,154,272,35,74,96,16,25,1830,433,25,99,19,69,0,0,1,0,,
toronto/York-Bay-Yonge Interchange ESR - App E.txt,LAKE SHORE BLVD AT REES ST,x,2009-Apr-21,17:00-18:00,34,62,396,104,1015,42,59,58,25,27,1481,290,12,108,15,188,0,0,0,0,,
toronto/York-Bay-Yonge Interchange ESR - App E.txt,LAKE SHORE BLVD AT REES ST,x,2009-Apr-21,OFF HR,18,50,124,53,280,17,28,55,10,19,781,77,15,64,10,45,0,0,0,0,,
toronto/York-Bay-Yonge Interchange ESR - App E.txt,LAKE SHORE BLVD AT REES ST,x,2009-Apr-21,07:30-09:30,27,138,333,242,482,49,155,175,25,31,3364,846,33,176,32,95,0,0,2,0,,
toronto/York-Bay-Yonge Interchange ESR - App E.txt,LAKE SHORE BLVD AT REES ST,x,2009-Apr-21,16:00-18:00,73,114,641,208,2005,83,101,112,41,40,2564,400,26,199,24,260,0,0,0,1,,
toronto/York-Bay-Yonge Interchange ESR - App E.txt,LAKE SHORE BLVD AT REES ST,x,2009-Apr-21,07:30-09:30/10:00-12:00/13:00-15:00/16:00-18:00,172,452,1470,657,3608,202,367,504,105,145,9053,1551,119,631,96,533,0,0,3,2,,
toronto/York-Bay-Yonge Interchange ESR - App E.txt,LAKE SHORE BLVD AT LOWER SIMCOE ST,x,2009-Apr-21,08:30-09:30,15,70,191,155,274,25,74,109,5,11,1945,445,9,89,13,98,0,0,1,0,,
toronto/York-Bay-Yonge Interchange ESR - App E.txt,LAKE SHORE BLVD AT LOWER SIMCOE ST,x,2009-Apr-21,17:00-18:00,27,70,390,112,1064,30,58,65,20,14,1469,113,16,104,12,162,0,0,0,0,,
toronto/York-Bay-Yonge Interchange ESR - App E.txt,LAKE SHORE BLVD AT LOWER SIMCOE ST,x,2009-Apr-21,OFF HR,18,49,125,78,274,24,36,62,10,18,879,72,11,75,11,54,0,0,0,0,,
toronto/York-Bay-Yonge Interchange ESR - App E.txt,LAKE SHORE BLVD AT LOWER SIMCOE ST,x,2009-Apr-21,07:30-09:30,25,151,383,238,510,56,144,186,15,17,3454,809,12,195,28,148,0,0,2,0,,
toronto/York-Bay-Yonge Interchange ESR - App E.txt,LAKE SHORE BLVD AT LOWER SIMCOE ST,x,2009-Apr-21,16:00-18:00,63,131,681,201,2126,63,119,130,31,33,2618,216,25,225,31,243,0,0,0,1,,
toronto/York-Bay-Yonge Interchange ESR - App E.txt,LAKE SHORE BLVD AT LOWER SIMCOE ST,x,2009-Apr-21,07:30-09:30/10:00-12:00/13:00-15:00/16:00-18:00,158,476,1566,749,3728,212,408,562,81,124,9585,1314,80,718,102,605,0,0,3,2,,
toronto/York-Bay-Yonge Interchange ESR - App E.txt,LAKE SHORE BLVD AT YORK ST,x,2009-Apr-21,08:30-09:30,9,175,0,247,556,44,0,876,67,0,0,0,63,66,41,86,0,0,0,0,,
toronto/York-Bay-Yonge Interchange ESR - App E.txt,LAKE SHORE BLVD AT YORK ST,x,2009-Apr-21,17:00-18:00,72,142,0,155,1250,56,0,554,116,0,0,0,37,63,48,141,0,0,0,0,,
toronto/York-Bay-Yonge Interchange ESR - App E.txt,LAKE SHORE BLVD AT YORK ST,x,2009-Apr-21,OFF HR,21,130,0,205,334,27,0,767,59,0,0,0,13,27,20,50,0,0,0,0,,
toronto/York-Bay-Yonge Interchange ESR - App E.txt,LAKE SHORE BLVD AT YORK ST,x,2009-Apr-21,07:30-09:30,23,319,0,609,959,96,0,1667,170,0,0,0,123,107,73,196,0,0,0,0,,
toronto/York-Bay-Yonge Interchange ESR - App E.txt,LAKE SHORE BLVD AT YORK ST,x,2009-Apr-21,16:00-18:00,120,269,0,275,2407,121,0,1082,232,0,0,0,53,86,62,206,0,0,0,0,,
toronto/York-Bay-Yonge Interchange ESR - App E.txt,LAKE SHORE BLVD AT YORK ST,x,2009-Apr-21,07:30-09:30/10:00-12:00/13:00-15:00/16:00-18:00,226,1106,0,1704,4700,324,0,5812,640,0,0,0,227,301,215,600,0,0,0,0,,
toronto/York-Bay-Yonge Interchange ESR - App E.txt,BAY ST AT LAKE SHORE BLVD W,x,2009-Apr-21,08:15-09:15,229,177,0,231,1179,106,146,839,108,0,0,0,171,193,54,942,0,0,0,0,,
toronto/York-Bay-Yonge Interchange ESR - App E.txt,BAY ST AT LAKE SHORE BLVD W,x,2009-Apr-21,17:00-18:00,591,395,0,125,1720,55,315,471,105,0,0,0,260,289,66,948,0,0,0,0,,
toronto/York-Bay-Yonge Interchange ESR - App E.txt,BAY ST AT LAKE SHORE BLVD W,x,2009-Apr-21,OFF HR,318,250,0,100,833,39,161,385,74,0,0,0,56,81,22,303,0,0,0,0,,
toronto/York-Bay-Yonge Interchange ESR - App E.txt,BAY ST AT LAKE SHORE BLVD W,x,2009-Apr-21,07:30-09:30,489,340,0,402,2224,184,264,1578,186,0,0,0,266,384,101,,0,0,0,,,
toronto/York-Bay-Yonge Interchange ESR - App E.txt,BAY ST AT LAKE SHORE BLVD W,x,2009-Apr-21,16:00-18:00,1104,728,0,214,3291,100,549,844,215,0,0,0,396,545,124,,0,0,0,,,
toronto/York-Bay-Yonge Interchange ESR - App E.txt,BAY ST AT LAKE SHORE BLVD W,x,2009-Apr-21,07:30-09:30/10:00-12:00/13:00-15:00/16:00-18:00,2863,2065,0,1015,8845,439,1455,3962,697,0,0,0,886,,313,,0,,0,,,
toronto/York-Bay-Yonge Interchange ESR - App E.txt,LAKE SHORE BLVD N TCS AT YONGE ST,x,2009-Apr-21,08:00-09:00,213,141,0,276,1167,135,0,992,76,0,0,0,179,296,185,495,0,0,0,0,,
toronto/York-Bay-Yonge Interchange ESR - App E.txt,LAKE SHORE BLVD N TCS AT YONGE ST,x,2009-Apr-21,17:00-18:00,465,241,0,27,1155,98,0,615,95,0,0,0,91,140,63,500,0,0,0,0,,
toronto/York-Bay-Yonge Interchange ESR - App E.txt,LAKE SHORE BLVD N TCS AT YONGE ST,x,2009-Apr-21,OFF HR,307,134,0,36,604,77,0,580,65,0,0,0,53,160,33,62,0,0,0,0,,
toronto/York-Bay-Yonge Interchange ESR - App E.txt,LAKE SHORE BLVD N TCS AT YONGE ST,x,2009-Apr-21,07:30-09:30,461,272,0,454,2178,242,0,2034,128,0,0,0,270,406,254,679,0,0,0,0,,
toronto/York-Bay-Yonge Interchange ESR - App E.txt,LAKE SHORE BLVD N TCS AT YONGE ST,x,2009-Apr-21,16:00-18:00,977,416,0,44,2151,162,0,1170,186,0,0,0,199,336,157,859,0,0,0,0,,
toronto/York-Bay-Yonge Interchange ESR - App E.txt,LAKE SHORE BLVD N TCS AT YONGE ST,x,2009-Apr-21,07:30-09:30/10:00-12:00/13:00-15:00/16:00-18:00,2663,1221,0,641,6740,712,0,5524,574,0,0,0,679,,544,,0,,0,,,
toronto/York-Bay-Yonge Interchange ESR - App E.txt,LAKE SHORE BLVD AT LOWER JARVIS ST,x,2009-Apr-21,08:15-09:15,472,98,85,326,490,0,58,199,11,40,381,589,4,51,28,4,0,0,0,0,,
toronto/York-Bay-Yonge Interchange ESR - App E.txt,LAKE SHORE BLVD AT LOWER JARVIS ST,x,2009-Apr-21,17:00-18:00,567,94,124,488,668,0,105,180,67,37,829,539,4,64,31,0,0,0,0,0,,
toronto/York-Bay-Yonge Interchange ESR - App E.txt,LAKE SHORE BLVD AT LOWER JARVIS ST,x,2009-Apr-21,OFF HR,398,105,107,355,307,0,80,105,36,20,384,467,2,51,21,9,0,0,0,0,,
toronto/York-Bay-Yonge Interchange ESR - App E.txt,LAKE SHORE BLVD AT LOWER JARVIS ST,x,2009-Apr-21,07:30-09:30,1054,188,145,630,840,0,105,361,22,76,792,1172,5,76,49,5,0,0,0,0,,
toronto/York-Bay-Yonge Interchange ESR - App E.txt,LAKE SHORE BLVD AT LOWER JARVIS ST,x,2009-Apr-21,16:00-18:00,1148,173,262,917,1158,0,199,342,113,65,1442,1093,7,133,78,1,0,0,0,0,,
toronto/York-Bay-Yonge Interchange ESR - App E.txt,LAKE SHORE BLVD AT LOWER JARVIS ST,x,2009-Apr-21,07:30-09:30/10:00-12:00/13:00-15:00/16:00-18:00,3791,781,831,2963,3220,0,621,1124,277,220,3766,4130,21,412,210,41,0,0,0,0,,
toronto/York-Bay-Yonge Interchange ESR - App E.txt,QUEENS QUAY AT SPADINA AVE,x,2007-Jul-17,08:30-09:30,36,0,237,90,249,0,0,0,0,0,738,62,159,102,0,43,0,0,0,0,,
toronto/York-Bay-Yonge Interchange ESR - App E.txt,QUEENS QUAY AT SPADINA AVE,x,2007-Jul-17,17:00-18:00,74,0,172,138,404,0,0,0,0,0,387,76,178,39,0,48,0,0,0,0,,
toronto/York-Bay-Yonge Interchange ESR - App E.txt,QUEENS QUAY AT SPADINA AVE,x,2007-Jul-17,OFF HR,39,0,122,87,194,0,0,0,0,0,259,35,95,53,0,49,0,0,0,0,,
toronto/York-Bay-Yonge Interchange ESR - App E.txt,QUEENS QUAY AT SPADINA AVE,x,2007-Jul-17,07:30-09:30,71,0,361,170,388,0,0,0,0,0,1180,127,269,194,0,95,0,0,0,0,,
toronto/York-Bay-Yonge Interchange ESR - App E.txt,QUEENS QUAY AT SPADINA AVE,x,2007-Jul-17,16:00-18:00,113,0,256,252,794,0,0,0,0,0,688,127,307,79,0,75,0,0,0,0,,
toronto/York-Bay-Yonge Interchange ESR - App E.txt,QUEENS QUAY AT SPADINA AVE,x,2007-Jul-17,07:30-09:30/10:00-12:00/13:00-15:00/16:00-18:00,339,0,1103,768,1958,0,0,0,0,0,2901,397,957,483,0,364,0,0,0,0,,
toronto/York-Bay-Yonge Interchange ESR - App E.txt,QUEENS QUAY AT REES ST & ROBERTSON CRES,x,2007-Sep-27,08:15-09:15,43,9,24,24,209,9,3,7,4,10,493,75,33,46,15,98,0,0,0,0,,
toronto/York-Bay-Yonge Interchange ESR - App E.txt,QUEENS QUAY AT REES ST & ROBERTSON CRES,x,2007-Sep-27,17:00-18:00,53,17,27,21,342,13,4,9,27,25,373,70,67,76,35,32,0,0,0,0,,
toronto/York-Bay-Yonge Interchange ESR - App E.txt,QUEENS QUAY AT REES ST & ROBERTSON CRES,x,2007-Sep-27,OFF HR,29,11,40,14,212,13,2,9,5,17,241,16,33,43,34,53,0,0,0,0,,
toronto/York-Bay-Yonge Interchange ESR - App E.txt,QUEENS QUAY AT REES ST & ROBERTSON CRES,x,2007-Sep-27,07:30-09:30,59,10,59,49,360,14,3,28,13,18,808,117,53,76,46,172,0,0,0,0,,
toronto/York-Bay-Yonge Interchange ESR - App E.txt,QUEENS QUAY AT REES ST & ROBERTSON CRES,x,2007-Sep-27,16:00-18:00,95,33,63,33,684,25,9,22,35,36,648,103,94,191,80,89,0,0,0,0,,
toronto/York-Bay-Yonge Interchange ESR - App E.txt,QUEENS QUAY AT REES ST & ROBERTSON CRES,x,2007-Sep-27,07:30-09:30/10:00-12:00/13:00-15:00/16:00-18:00,270,89,282,139,1892,92,21,84,67,118,2415,285,280,440,263,473,0,0,0,0,,
toronto/York-Bay-Yonge Interchange ESR - App E.txt,LOWER SIMCOE ST AT QUEENS QUAY,x,2009-Apr-23,08:15-09:15,30,0,87,48,275,68,0,0,0,0,628,45,173,66,0,70,0,0,0,0,,
toronto/York-Bay-Yonge Interchange ESR - App E.txt,LOWER SIMCOE ST AT QUEENS QUAY,x,2009-Apr-23,17:00-18:00,26,0,64,74,542,43,0,0,0,0,426,50,241,74,0,110,0,0,0,0,,
toronto/York-Bay-Yonge Interchange ESR - App E.txt,LOWER SIMCOE ST AT QUEENS QUAY,x,2009-Apr-23,OFF HR,22,0,33,43,268,60,0,0,0,0,282,28,98,47,0,69,0,0,0,0,,
toronto/York-Bay-Yonge Interchange ESR - App E.txt,LOWER SIMCOE ST AT QUEENS QUAY,x,2009-Apr-23,07:30-09:30,52,0,149,92,500,117,0,0,0,0,1112,85,304,135,0,113,0,0,0,0,,
toronto/York-Bay-Yonge Interchange ESR - App E.txt,LOWER SIMCOE ST AT QUEENS QUAY,x,2009-Apr-23,16:00-18:00,49,0,100,151,950,86,0,0,0,0,721,80,363,148,0,186,0,0,0,0,,
toronto/York-Bay-Yonge Interchange ESR - App E.txt,LOWER SIMCOE ST AT QUEENS QUAY,x,2009-Apr-23,07:30-09:30/10:00-12:00/13:00-15:00/16:00-18:00,188,0,380,414,2522,441,0,0,0,0,2961,275,,469,0,575,,0,0,0,,
toronto/York-Bay-Yonge Interchange ESR - App E.txt,QUEENS QUAY AT YORK ST,x,2009-Apr-22,08:30-09:30,77,15,100,185,343,12,13,39,29,29,514,126,115,45,125,241,0,0,0,0,,
toronto/York-Bay-Yonge Interchange ESR - App E.txt,QUEENS QUAY AT YORK ST,x,2009-Apr-22,16:45-17:45,85,25,51,158,544,11,25,20,39,22,420,81,140,66,344,435,0,0,0,0,,
toronto/York-Bay-Yonge Interchange ESR - App E.txt,QUEENS QUAY AT YORK ST,x,2009-Apr-22,OFF HR,68,14,72,99,292,11,12,23,14,12,286,75,88,39,215,157,0,0,0,0,,
toronto/York-Bay-Yonge Interchange ESR - App E.txt,QUEENS QUAY AT YORK ST,x,2009-Apr-22,07:30-09:30,159,28,175,299,605,21,25,88,42,43,958,261,199,86,242,406,0,0,0,0,,
toronto/York-Bay-Yonge Interchange ESR - App E.txt,QUEENS QUAY AT YORK ST,x,2009-Apr-22,16:00-18:00,164,40,92,283,961,22,39,41,69,42,726,155,250,98,642,713,0,0,0,0,,
toronto/York-Bay-Yonge Interchange ESR - App E.txt,QUEENS QUAY AT YORK ST,x,2009-Apr-22,07:30-09:30/10:00-12:00/13:00-15:00/16:00-18:00,596,123,553,976,2736,85,111,218,166,129,2824,713,799,340,,,0,0,,,,
toronto/York-Bay-Yonge Interchange ESR - App E.txt,BAY ST AT HARBOUR SQ & QUEENS QUAY,x,2009-Apr-22,08:15-09:15,225,12,148,150,409,16,25,35,5,13,484,101,149,191,90,136,0,0,0,0,,
toronto/York-Bay-Yonge Interchange ESR - App E.txt,BAY ST AT HARBOUR SQ & QUEENS QUAY,x,2009-Apr-22,16:45-17:45,110,32,130,111,503,29,12,10,2,6,466,89,210,184,166,210,0,0,0,0,,
toronto/York-Bay-Yonge Interchange ESR - App E.txt,BAY ST AT HARBOUR SQ & QUEENS QUAY,x,2009-Apr-22,OFF HR,98,19,101,94,275,16,15,17,2,5,287,57,108,118,161,115,0,0,0,0,,
toronto/York-Bay-Yonge Interchange ESR - App E.txt,BAY ST AT HARBOUR SQ & QUEENS QUAY,x,2009-Apr-22,07:30-09:30,394,27,253,251,748,28,42,69,5,23,845,174,265,344,177,289,0,0,0,0,,
toronto/York-Bay-Yonge Interchange ESR - App E.txt,BAY ST AT HARBOUR SQ & QUEENS QUAY,x,2009-Apr-22,16:00-18:00,208,56,234,213,873,72,37,22,5,18,748,142,319,333,319,329,0,0,0,0,,
toronto/York-Bay-Yonge Interchange ESR - App E.txt,BAY ST AT HARBOUR SQ & QUEENS QUAY,x,2009-Apr-22,07:30-09:30/10:00-12:00/13:00-15:00/16:00-18:00,994,160,889,839,2720,165,141,157,17,59,2738,544,,,,,,,,,,
toronto/York-Bay-Yonge Interchange ESR - App E.txt,QUEENS QUAY AT YONGE ST,x,2009-Apr-22,08:15-09:15,206,0,174,77,368,0,0,0,0,0,538,104,15,54,0,38,0,0,0,0,,
toronto/York-Bay-Yonge Interchange ESR - App E.txt,QUEENS QUAY AT YONGE ST,x,2009-Apr-22,17:00-18:00,258,0,168,100,539,0,0,0,0,0,558,69,205,76,0,63,0,0,0,0,,
toronto/York-Bay-Yonge Interchange ESR - App E.txt,QUEENS QUAY AT YONGE ST,x,2009-Apr-22,OFF HR,149,0,116,91,290,0,0,0,0,0,310,87,45,54,0,19,0,0,0,0,,
toronto/York-Bay-Yonge Interchange ESR - App E.txt,QUEENS QUAY AT YONGE ST,x,2009-Apr-22,07:30-09:30,366,0,275,124,670,0,0,0,0,0,918,191,52,93,0,51,0,0,0,0,,
toronto/York-Bay-Yonge Interchange ESR - App E.txt,QUEENS QUAY AT YONGE ST,x,2009-Apr-22,16:00-18:00,441,0,292,214,958,0,0,0,0,0,902,153,240,150,0,106,0,0,0,0,,
toronto/York-Bay-Yonge Interchange ESR - App E.txt,QUEENS QUAY AT YONGE ST,x,2009-Apr-22,07:30-09:30/10:00-12:00/13:00-15:00/16:00-18:00,1404,0,1027,701,2788,0,0,0,0,0,3057,692,471,457,0,232,0,0,0,0,,
toronto/York-Bay-Yonge Interchange ESR - App E.txt,LOWER JARVIS ST AT QUEENS QUAY,x,2007-Jun-25,08:00-09:00,99,0,27,127,651,0,0,175,0,0,309,147,101,3,0,6,0,0,0,0,,
toronto/York-Bay-Yonge Interchange ESR - App E.txt,LOWER JARVIS ST AT QUEENS QUAY,x,2007-Jun-25,17:00-18:00,97,0,42,97,459,0,0,244,0,0,535,243,66,18,0,13,0,0,0,0,,
toronto/York-Bay-Yonge Interchange ESR - App E.txt,LOWER JARVIS ST AT QUEENS QUAY,x,2007-Jun-25,OFF HR,95,0,27,69,291,0,0,97,0,0,252,144,39,5,0,7,0,0,0,0,,
toronto/York-Bay-Yonge Interchange ESR - App E.txt,LOWER JARVIS ST AT QUEENS QUAY,x,2007-Jun-25,07:30-09:30,184,0,45,240,1102,0,0,303,0,0,528,282,157,12,0,9,0,0,0,0,,
toronto/York-Bay-Yonge Interchange ESR - App E.txt,LOWER JARVIS ST AT QUEENS QUAY,x,2007-Jun-25,16:00-18:00,186,0,90,189,824,0,0,411,0,0,934,452,132,29,0,15,0,0,0,0,,
toronto/York-Bay-Yonge Interchange ESR - App E.txt,LOWER JARVIS ST AT QUEENS QUAY,x,2007-Jun-25,07:30-09:30/10:00-12:00/13:00-15:00/16:00-18:00,751,0,242,707,3088,0,0,1101,0,0,2468,1308,444,61,0,53,0,0,0,0,,
toronto/York-Bay-Yonge Interchange ESR - App E.txt,CLARENCE SQ AT SPADINA AVE & WELLINGTON ST,x,2009-Apr-23,08:30-09:30,51,632,0,65,0,0,10,1121,0,112,0,0,98,61,59,116,0,0,0,0,,
toronto/York-Bay-Yonge Interchange ESR - App E.txt,CLARENCE SQ AT SPADINA AVE & WELLINGTON ST,x,2009-Apr-23,16:45-17:45,77,883,0,78,0,0,32,788,0,109,0,0,27,79,35,76,0,0,0,0,,
toronto/York-Bay-Yonge Interchange ESR - App E.txt,CLARENCE SQ AT SPADINA AVE & WELLINGTON ST,x,2009-Apr-23,OFF HR,49,615,0,58,0,0,18,724,0,88,0,0,23,37,13,64,0,0,0,0,,
toronto/York-Bay-Yonge Interchange ESR - App E.txt,CLARENCE SQ AT SPADINA AVE & WELLINGTON ST,x,2009-Apr-23,07:30-09:30,88,1304,0,96,0,0,26,2057,0,161,0,0,124,69,69,175,0,0,0,0,,
toronto/York-Bay-Yonge Interchange ESR - App E.txt,CLARENCE SQ AT SPADINA AVE & WELLINGTON ST,x,2009-Apr-23,16:00-18:00,154,1762,0,158,0,0,54,1536,0,209,0,0,66,133,58,151,0,0,0,0,,
toronto/York-Bay-Yonge Interchange ESR - App E.txt,CLARENCE SQ AT SPADINA AVE & WELLINGTON ST,x,2009-Apr-23,07:30-09:30/10:00-12:00/13:00-15:00/16:00-18:00,439,5525,0,485,0,0,152,6484,0,721,0,0,280,351,179,581,0,0,0,0,,
toronto/York-Bay-Yonge Interchange ESR - App E.txt,BLUE JAYS WAY AT WELLINGTON ST,x,2008-Feb-12,08:30-09:30,20,203,0,65,74,88,0,331,16,25,0,13,62,97,79,124,0,4,2,1,,
toronto/York-Bay-Yonge Interchange ESR - App E.txt,BLUE JAYS WAY AT WELLINGTON ST,x,2008-Feb-12,16:00-17:00,33,156,0,95,203,59,0,127,27,31,0,8,115,68,82,61,0,0,0,0,,
toronto/York-Bay-Yonge Interchange ESR - App E.txt,BLUE JAYS WAY AT WELLINGTON ST,x,2008-Feb-12,OFF HR,21,203,0,58,60,93,0,182,13,19,0,12,76,42,74,35,0,0,0,0,,
toronto/York-Bay-Yonge Interchange ESR - App E.txt,BLUE JAYS WAY AT WELLINGTON ST,x,2008-Feb-12,07:30-09:30,42,391,0,107,139,160,0,597,31,53,0,28,119,168,165,222,1,4,5,1,,
toronto/York-Bay-Yonge Interchange ESR - App E.txt,BLUE JAYS WAY AT WELLINGTON ST,x,2008-Feb-12,16:00-18:00,59,339,0,146,391,106,0,241,39,67,0,18,280,162,156,137,1,0,0,0,,
toronto/York-Bay-Yonge Interchange ESR - App E.txt,BLUE JAYS WAY AT WELLINGTON ST,x,2008-Feb-12,07:30-09:30/10:00-12:00/13:00-15:00/16:00-18:00,185,1541,0,485,772,638,0,1566,118,195,0,93,701,498,615,497,2,5,6,1,,
toronto/York-Bay-Yonge Interchange ESR - App E.txt,JOHN ST AT WELLINGTON ST,x,2009-Apr-23,08:15-09:15,55,258,92,150,311,36,277,381,15,0,0,0,779,978,606,704,1,0,1,9,,
toronto/York-Bay-Yonge Interchange ESR - App E.txt,JOHN ST AT WELLINGTON ST,x,2009-Apr-23,17:00-18:00,130,340,24,287,806,178,24,457,29,0,0,0,451,832,317,332,0,0,0,0,,
toronto/York-Bay-Yonge Interchange ESR - App E.txt,JOHN ST AT WELLINGTON ST,x,2009-Apr-23,OFF HR,36,240,19,122,277,52,52,244,14,0,0,0,286,421,176,342,1,0,0,0,,
toronto/York-Bay-Yonge Interchange ESR - App E.txt,JOHN ST AT WELLINGTON ST,x,2009-Apr-23,07:30-09:30,96,391,140,265,545,88,403,596,24,0,0,0,,,809,,,,1,,,
toronto/York-Bay-Yonge Interchange ESR - App E.txt,JOHN ST AT WELLINGTON ST,x,2009-Apr-23,16:00-18:00,228,673,40,520,1352,295,54,722,75,0,0,0,891,,509,653,0,,0,0,,
toronto/York-Bay-Yonge Interchange ESR - App E.txt,JOHN ST AT WELLINGTON ST,x,2009-Apr-23,07:30-09:30/10:00-12:00/13:00-15:00/16:00-18:00,467,2018,256,1271,3001,590,665,2290,154,0,0,0,,,,,,,,,,
toronto/York-Bay-Yonge Interchange ESR - App E.txt,SIMCOE ST AT WELLINGTON ST,x,2007-Nov-12,08:00-09:00,154,98,0,0,464,94,0,0,0,24,0,0,404,197,301,519,5,5,3,4,,
toronto/York-Bay-Yonge Interchange ESR - App E.txt,SIMCOE ST AT WELLINGTON ST,x,2007-Nov-12,16:45-17:45,62,149,0,0,316,86,0,0,0,88,0,0,359,301,389,208,11,18,3,2,,
toronto/York-Bay-Yonge Interchange ESR - App E.txt,SIMCOE ST AT WELLINGTON ST,x,2007-Nov-12,OFF HR,59,91,0,0,264,73,0,0,0,30,0,0,116,51,44,50,4,7,2,5,,
toronto/York-Bay-Yonge Interchange ESR - App E.txt,SIMCOE ST AT WELLINGTON ST,x,2007-Nov-12,07:30-09:30,233,166,0,0,826,173,0,0,0,49,0,0,593,281,418,790,11,12,4,6,,
toronto/York-Bay-Yonge Interchange ESR - App E.txt,SIMCOE ST AT WELLINGTON ST,x,2007-Nov-12,16:00-18:00,121,280,0,0,609,191,0,0,0,173,0,0,610,497,695,395,17,29,4,9,,
toronto/York-Bay-Yonge Interchange ESR - App E.txt,SIMCOE ST AT WELLINGTON ST,x,2007-Nov-12,07:30-09:30/10:00-12:00/13:00-15:00/16:00-18:00,586,808,0,0,2489,654,0,0,0,340,0,0,,983,,,,70,,,,
toronto/York-Bay-Yonge Interchange ESR - App E.txt,UNIVERSITY AVE AT WELLINGTON ST,x,2009-May-15,08:00-09:00,161,754,0,143,574,109,0,698,109,0,0,0,784,902,579,762,0,0,0,0,,
toronto/York-Bay-Yonge Interchange ESR - App E.txt,UNIVERSITY AVE AT WELLINGTON ST,x,2009-May-15,17:00-18:00,82,785,0,263,605,125,0,519,59,0,0,0,612,,688,816,0,,0,0,,
toronto/York-Bay-Yonge Interchange ESR - App E.txt,UNIVERSITY AVE AT WELLINGTON ST,x,2009-May-15,OFF HR,76,940,0,144,319,125,0,596,44,0,0,0,617,331,393,242,0,0,0,0,,
toronto/York-Bay-Yonge Interchange ESR - App E.txt,UNIVERSITY AVE AT WELLINGTON ST,x,2009-May-15,07:30-09:30,305,1497,0,255,1031,206,0,1400,216,0,0,0,,,886,,,,0,,,
toronto/York-Bay-Yonge Interchange ESR - App E.txt,UNIVERSITY AVE AT WELLINGTON ST,x,2009-May-15,16:00-18:00,176,1453,0,458,1048,231,0,1040,95,0,0,0,,,,,,,,,,
toronto/York-Bay-Yonge Interchange ESR - App E.txt,UNIVERSITY AVE AT WELLINGTON ST,x,2009-May-15,07:30-09:30/10:00-12:00/13:00-15:00/16:00-18:00,781,6705,0,1287,3356,937,0,4826,488,0,0,0,,,,,,,,,,
toronto/York-Bay-Yonge Interchange ESR - App E.txt,WELLINGTON ST AT YORK ST,x,2007-Nov-12,07:45-08:45,0,0,0,214,810,0,0,736,151,0,0,0,283,,466,429,2,,2,1,,
toronto/York-Bay-Yonge Interchange ESR - App E.txt,WELLINGTON ST AT YORK ST,x,2007-Nov-12,17:00-18:00,0,0,0,178,810,0,0,347,60,0,0,0,185,891,284,430,0,0,0,0,,
toronto/York-Bay-Yonge Interchange ESR - App E.txt,WELLINGTON ST AT YORK ST,x,2007-Nov-12,OFF HR,0,0,0,203,434,0,0,357,51,0,0,0,138,137,137,69,0,0,0,0,,
toronto/York-Bay-Yonge Interchange ESR - App E.txt,WELLINGTON ST AT YORK ST,x,2007-Nov-12,07:30-09:30,0,0,0,450,1394,0,0,1331,236,0,0,0,469,,717,629,3,,2,1,,
toronto/York-Bay-Yonge Interchange ESR - App E.txt,WELLINGTON ST AT YORK ST,x,2007-Nov-12,16:00-18:00,0,0,0,325,1353,0,0,617,116,0,0,0,347,,577,886,0,,0,0,,
toronto/York-Bay-Yonge Interchange ESR - App E.txt,WELLINGTON ST AT YORK ST,x,2007-Nov-12,07:30-09:30/10:00-12:00/13:00-15:00/16:00-18:00,0,0,0,1586,4480,0,0,3374,555,0,0,0,,,,,,,,,,
toronto/York-Bay-Yonge Interchange ESR - App E.txt,BAY ST AT WELLINGTON ST,x,2005-Aug-03,08:00-09:00,175,461,0,134,1102,124,0,693,195,0,0,0,545,,907,,28,,11,,,
toronto/York-Bay-Yonge Interchange ESR - App E.txt,BAY ST AT WELLINGTON ST,x,2005-Aug-03,17:00-18:00,121,726,0,194,923,222,0,611,83,0,0,0,667,,691,,22,,9,,,
toronto/York-Bay-Yonge Interchange ESR - App E.txt,BAY ST AT WELLINGTON ST,x,2005-Aug-03,OFF HR,137,570,0,89,507,111,0,490,72,0,0,0,400,564,575,549,42,22,16,6,,
toronto/York-Bay-Yonge Interchange ESR - App E.txt,BAY ST AT WELLINGTON ST,x,2005-Aug-03,07:30-09:30,317,867,0,235,1909,216,0,1271,324,0,0,0,843,,,,57,,,,,
toronto/York-Bay-Yonge Interchange ESR - App E.txt,BAY ST AT WELLINGTON ST,x,2005-Aug-03,16:00-18:00,219,1397,0,322,1633,394,0,1113,141,0,0,0,,,,,,,,,,
toronto/York-Bay-Yonge Interchange ESR - App E.txt,BAY ST AT WELLINGTON ST,x,2005-Aug-03,07:30-09:30/10:00-12:00/13:00-15:00/16:00-18:00,1084,4546,0,911,5569,1053,0,4341,753,0,0,0,,,,,,,,,,
toronto/York-Bay-Yonge Interchange ESR - App E.txt,WELLINGTON ST AT YONGE ST,x,2009-Apr-20,08:30-09:30,146,563,0,32,990,115,0,534,235,0,0,0,255,316,303,87,0,0,0,0,,
toronto/York-Bay-Yonge Interchange ESR - App E.txt,WELLINGTON ST AT YONGE ST,x,2009-Apr-20,16:00-17:00,139,492,0,16,812,197,0,513,132,0,0,0,40,37,44,37,0,0,0,0,,
toronto/York-Bay-Yonge Interchange ESR - App E.txt,WELLINGTON ST AT YONGE ST,x,2009-Apr-20,OFF HR,148,434,0,37,692,172,0,468,133,0,0,0,52,76,53,48,0,0,0,0,,
toronto/York-Bay-Yonge Interchange ESR - App E.txt,WELLINGTON ST AT YONGE ST,x,2009-Apr-20,07:30-09:30,300,1124,0,47,1793,251,0,1037,480,0,0,0,457,663,440,156,0,0,0,0,,
toronto/York-Bay-Yonge Interchange ESR - App E.txt,WELLINGTON ST AT YONGE ST,x,2009-Apr-20,16:00-18:00,319,988,0,30,1606,357,0,1000,252,0,0,0,73,66,81,68,0,0,0,0,,
toronto/York-Bay-Yonge Interchange ESR - App E.txt,WELLINGTON ST AT YONGE ST,x,2009-Apr-20,07:30-09:30/10:00-12:00/13:00-15:00/16:00-18:00,1213,3847,0,222,6166,1294,0,3908,1261,0,0,0,736,,732,414,0,,0,0,,
toronto/a2a729_375117eafbf7413fb892c475990d9b23.txt,BARBER GREENE RD AT DON MILLS RD & GREEN BELT DR (PX 623),x,2011-Mar-17,08:00-09:00,129,1952,297,63,19,125,30,725,118,87,24,36,72,98,49,33,1,2,1,0,,
toronto/a2a729_375117eafbf7413fb892c475990d9b23.txt,BARBER GREENE RD AT DON MILLS RD & GREEN BELT DR (PX 623),x,2011-Mar-17,17:00-18:00,105,1154,71,310,17,240,61,2016,114,102,20,154,27,32,25,12,0,0,0,0,,
toronto/a2a729_375117eafbf7413fb892c475990d9b23.txt,BARBER GREENE RD AT DON MILLS RD & GREEN BELT DR (PX 623),x,2011-Mar-17,OFF HR,94,831,56,52,12,68,35,811,107,102,14,99,22,18,19,18,1,0,1,0,,
toronto/a2a729_375117eafbf7413fb892c475990d9b23.txt,BARBER GREENE RD AT DON MILLS RD & GREEN BELT DR (PX 623),x,2011-Mar-17,07:30-09:30,253,3846,510,120,32,233,48,1367,232,151,36,69,129,132,79,60,1,3,2,0,,
toronto/a2a729_375117eafbf7413fb892c475990d9b23.txt,BARBER GREENE RD AT DON MILLS RD & GREEN BELT DR (PX 623),x,2011-Mar-17,16:00-18:00,195,2158,125,552,43,378,129,3938,197,208,40,313,70,69,55,30,2,0,0,0,,
toronto/a2a729_375117eafbf7413fb892c475990d9b23.txt,BARBER GREENE RD AT DON MILLS RD & GREEN BELT DR (PX 623),x,2011-Mar-17,07:30-09:30/10:00-12:00/13:00-15:00/16:00-18:00,821,9327,855,876,125,883,313,8549,856,765,129,774,286,274,211,162,6,3,5,1,,
toronto/a2a729_375117eafbf7413fb892c475990d9b23.txt,BARBER GREENE RD AT DON MILLS RD & GREEN BE,x,2008-Mar-17,08:00-09:00,85,1821,189,53,20,90,43,1229,71,85,48,98,51,33,58,70,0,1,1,0,,
toronto/a2a729_375117eafbf7413fb892c475990d9b23.txt,BARBER GREENE RD AT DON MILLS RD & GREEN BE,x,2008-Mar-17,16:30-17:30,57,1086,42,111,30,23,66,1841,114,132,58,205,47,51,61,86,0,2,0,0,,
toronto/a2a729_375117eafbf7413fb892c475990d9b23.txt,BARBER GREENE RD AT DON MILLS RD & GREEN BE,x,2008-Mar-17,OFF HR,90,879,67,40,19,71,57,814,115,78,47,84,41,29,37,43,1,1,1,0,,
toronto/a2a729_375117eafbf7413fb892c475990d9b23.txt,BARBER GREENE RD AT DON MILLS RD & GREEN BE,x,2008-Mar-17,07:30-09:30,266,3238,335,139,34,181,82,2279,190,201,103,213,125,101,127,118,0,1,1,0,,
toronto/a2a729_375117eafbf7413fb892c475990d9b23.txt,BARBER GREENE RD AT DON MILLS RD & GREEN BE,x,2008-Mar-17,16:00-18:00,132,2157,85,252,60,72,109,3615,217,252,96,403,134,101,118,155,3,5,0,0,,
toronto/a2a729_375117eafbf7413fb892c475990d9b23.txt,BARBER GREENE RD AT DON MILLS RD & GREEN BE,x,2008-Mar-17,07:30-09:30/10:00-12:00/13:00-15:00/16:00-18:00,760,8907,690,546,171,534,420,9149,867,766,388,952,421,319,391,443,5,10,3,0,,
toronto/project_file.txt,DUFFERIN ST AT PEEL AVE,x,2009-Mar-11,08:15-09:15,0,0,389,264,0,3,3,0,0,0,0,0,2,1,3,0,0,0,0,0,,
toronto/project_file.txt,DUFFERIN ST AT PEEL AVE,x,2009-Mar-11,17:00-18:00,0,0,319,408,0,2,0,0,0,0,0,0,6,1,5,0,0,0,0,0,,
toronto/project_file.txt,DUFFERIN ST AT PEEL AVE,x,2009-Mar-11,OFF HR,0,0,297,267,0,2,3,1,0,0,0,0,4,1,9,0,0,0,0,0,,
toronto/project_file.txt,DUFFERIN ST AT PEEL AVE,x,2009-Mar-11,07:30-09:30,0,0,691,449,0,5,6,1,0,0,0,0,3,3,5,0,0,0,0,0,,
toronto/project_file.txt,DUFFERIN ST AT PEEL AVE,x,2009-Mar-11,16:00-18:00,0,0,617,760,0,3,1,1,0,0,0,0,11,4,12,0,0,0,0,0,,
toronto/project_file.txt,DUFFERIN ST AT PEEL AVE,x,2009-Mar-11,07:30-09:30/10:00-12:00/13:00-15:00/16:00-18:00,0,0,2493,2274,0,16,16,7,0,0,0,0,30,10,54,0,0,0,0,0,,
toronto/project_file.txt,GLADSTONE AVE AT PEEL AVE,x,2009-Mar-11,08:30-09:30,4,100,0,0,0,0,0,0,242,353,0,0,10,61,2,14,0,0,0,0,,
toronto/project_file.txt,GLADSTONE AVE AT PEEL AVE,x,2009-Mar-11,16:45-17:45,5,74,0,0,0,0,0,0,407,293,0,0,19,63,4,21,0,0,0,0,,
toronto/project_file.txt,GLADSTONE AVE AT PEEL AVE,x,2009-Mar-11,OFF HR,4,57,0,0,0,0,0,0,271,267,0,0,10,39,3,10,0,0,0,0,,
toronto/project_file.txt,GLADSTONE AVE AT PEEL AVE,x,2009-Mar-11,07:30-09:30,8,153,0,0,0,0,0,0,442,644,0,0,20,101,3,31,0,0,0,0,,
toronto/project_file.txt,GLADSTONE AVE AT PEEL AVE,x,2009-Mar-11,16:00-18:00,7,143,0,0,0,0,0,0,763,566,0,0,37,127,6,35,0,0,0,0,,
toronto/project_file.txt,GLADSTONE AVE AT PEEL AVE,x,2009-Mar-11,07:30-09:30/10:00-12:00/13:00-15:00/16:00-18:00,32,522,0,0,0,0,0,0,2287,2279,0,0,95,383,22,106,0,0,0,0,,
toronto/project_file.txt,GLADSTONE AVE AT LN 40 M N OF QUEEN ST,x,2009-Mar-12,08:15-09:15,0,383,20,21,0,20,22,256,0,0,0,0,3,100,1,28,0,0,0,0,,
toronto/project_file.txt,GLADSTONE AVE AT LN 40 M N OF QUEEN ST,x,2009-Mar-12,17:00-18:00,0,302,26,28,0,38,52,368,0,0,0,0,11,232,20,26,0,0,0,0,,
toronto/project_file.txt,GLADSTONE AVE AT LN 40 M N OF QUEEN ST,x,2009-Mar-12,OFF HR,0,296,12,13,0,27,29,252,0,0,0,0,9,138,8,28,0,0,0,0,,
toronto/project_file.txt,GLADSTONE AVE AT LN 40 M N OF QUEEN ST,x,2009-Mar-12,07:30-09:30,0,685,27,25,0,30,43,442,0,0,0,0,4,162,5,43,0,0,0,0,,
toronto/project_file.txt,GLADSTONE AVE AT LN 40 M N OF QUEEN ST,x,2009-Mar-12,16:00-18:00,0,599,43,46,0,80,92,699,0,0,0,0,34,452,33,65,0,0,0,0,,
toronto/project_file.txt,GLADSTONE AVE AT LN 40 M N OF QUEEN ST,x,2009-Mar-12,07:30-09:30/10:00-12:00/13:00-15:00/16:00-18:00,0,2464,117,123,0,216,249,2145,0,0,0,0,75,,70,220,0,,0,0,,
toronto/project_file.txt,GLADSTONE AVE AT QUEEN ST W,x,2009-Mar-11,08:15-09:15,249,4,135,89,324,0,2,3,4,5,711,184,110,110,163,34,0,0,0,0,,
toronto/project_file.txt,GLADSTONE AVE AT QUEEN ST W,x,2009-Mar-11,17:00-18:00,203,3,134,132,563,0,0,2,1,0,508,280,197,121,127,37,0,0,0,0,,
toronto/project_file.txt,GLADSTONE AVE AT QUEEN ST W,x,2009-Mar-11,OFF HR,229,2,94,77,388,0,1,3,4,4,409,201,133,82,103,19,0,0,0,0,,
toronto/project_file.txt,GLADSTONE AVE AT QUEEN ST W,x,2009-Mar-11,07:30-09:30,453,6,250,147,642,0,2,6,7,7,1288,341,167,172,241,44,0,0,0,0,,
toronto/project_file.txt,GLADSTONE AVE AT QUEEN ST W,x,2009-Mar-11,16:00-18:00,453,4,230,244,1088,0,2,3,5,3,918,530,396,232,229,58,0,0,0,0,,
toronto/project_file.txt,GLADSTONE AVE AT QUEEN ST W,x,2009-Mar-11,07:30-09:30/10:00-12:00/13:00-15:00/16:00-18:00,1819,16,857,698,3277,0,7,21,29,28,3841,1670,,733,881,179,,0,0,0,,
