 PX	 Main	 Midblock Route	 Side 1 Route	 Side 2 Route	 Activation Date	 Latitude	 Longitude	 Count Date	 8HrVehVol	 8HrPedVol
 29	 YONGE ST		 FRONT ST		 24-Aug-1928	 43.647	 -79.376931	 5/6/14	 10737	 17522
 30	 YONGE ST		 WELLINGTON ST		 06-Jan-1964	 43.648	 -79.377351	 5/6/14	 13620	 26656
 33	 YONGE ST		 RICHMOND ST		 03-Nov-1927	 43.652	 -79.378965	 5/6/14	 12388	 24487
 34	 YONGE ST		 QUEEN ST		 03-Nov-1927	 43.652	 -79.379276	 5/5/14	 12035	 26437
 35	 YONGE ST		 SHUTER ST		 12-Mar-1959	 43.654	 -79.379957	 5/10/14	 7830	 21137
 37	 YONGE ST		 GERRARD ST		 09-Jul-1929	 43.659	 -79.382096	 5/6/14	 12559	 24440
 38	 YONGE ST		 CARLTON ST	 COLLEGE ST	 18-Feb-1932	 43.661	 -79.383094	 5/5/14	 13438	 32030
 42	 YONGE ST		 AYLMER AVE	 BELMONT ST	 19-Nov-1963	 43.676	 -79.38895	 5/6/14	 17579	 5730
 43	 YONGE ST		 CRESCENT RD		 16-Oct-1957	 43.677	 -79.389534	 5/6/14	 13112	 3335
 45	 YONGE ST		 SHAFTESBURY AVE	 ALCORN AVE	 05-Dec-1955	 43.682	 -79.391574	 5/6/14	 14363	 6199
 46	 YONGE ST		 ST CLAIR AVE		 05-Apr-1927	 43.688	 -79.394098	 5/3/14	 20437	 10303
 47	 YONGE ST		 CHAPLIN CRES	 DAVISVILLE AVE	 14-Jun-1930	 43.698	 -79.396601	 5/3/14	 20155	 9566
 49	 YONGE ST		 EGLINTON AVE		 21-Aug-1929	 43.707	 -79.398311	 5/3/14	 23360	 20902
 50	 YONGE ST		 BROADWAY AVE	 MONTGOMERY AVE	 12-Feb-1957	 43.71	 -79.398943	 5/3/14	 16937	 14176
 57	 YONGE ST		 FAIRLAWN AVE		 29-Aug-1956	 43.731	 -79.403788	 5/6/14	 19161	 3893
 58	 YONGE ST		 YONGE BLVD	 PRIVATE ACCESS	 12-Oct-1955	 43.734	 -79.404585	 5/5/14	 24567	 2215
 113	 AVENUE RD		 LONSDALE RD	 ORIOLE PKWY	 17-Jan-1964	 43.691	 -79.403027	 11/25/14	 21857	 380
 126	 YONGE ST		 EMPRESS AVE	 PARK HOME AVE	 29-Jan-1959	 43.769	 -79.412931	 5/7/14	 21277	 9058
 128	 YONGE ST		 FINCH AVE		 31-Jan-1958	 43.78	 -79.41556	 5/7/14	 29978	 13027
 130	 YONGE ST		 MADAWASKA AVE	 MOORE PARK AVE	 31-Jan-1958	 43.794	 -79.418991	 5/7/14	 25570	 1461
 143	 KINGSTON RD		 MORNINGSIDE AVE		 23-Mar-1962	 43.771	 -79.186884	 4/9/14	 28638	 1803
 144	 KINGSTON RD		 LAWRENCE AVE E		 21-Jan-1960	 43.768	 -79.189555	 4/15/14	 31976	 2809
 145	 KINGSTON RD		 GALLOWAY RD		 31-Jan-1958	 43.762	 -79.1947327	 10/22/14	 23952	 850
 147	 KINGSTON RD		 EGLINTON AVE E		 04-May-1956	 43.744	 -79.211651	 10/22/14	 26434	 306
 148	 KINGSTON RD		 MARKHAM RD		 31-Oct-1960	 43.739	 -79.217042	 10/22/14	 21905	 652
 168	 QUEEN ST E		 COXWELL AVE		 15-Oct-1948	 43.666	 -79.316558	 1/29/14	 10246	 2149
 173	 AVENUE RD		 EDMUND AVE		 16-Aug-1965	 43.683	 -79.39976	 1/22/14	 21764	 702
 174	 QUEEN ST E		 RIVER ST		 11-Apr-1954	 43.657	 -79.35654	 5/22/14	 8869	 1047
 178	 DANFORTH AVE		 SIBLEY AVE		 09-Apr-1964	 43.69	 -79.292675	 1/9/14	 11764	 1530
 228	 LAKE SHORE BLVD W		 ELLIS AVE		 15-Apr-1957	 43.636	 -79.465271	 12/15/14	 34551	 83
 230	 LAKE SHORE BLVD W		 PARK LAWN RD	 MARINE PARADE DR	 31-Jan-1958	 43.623	 -79.4811434	 12/18/14	 16725	 752
 233	 LAKE SHORE BLVD W		 ROYAL YORK RD		 01-Jan-1960	 43.604	 -79.493109	 12/18/14	 7359	 357
 236	 LAKE SHORE BLVD W		 TENTH ST		 31-Jan-1958	 43.6	 -79.508604	 2/19/14	 7847	 1503
 237	 LAKE SHORE BLVD W		 KIPLING AVE	 COLONEL SAMUEL SMITH PARK DR	01-Jan-1957	 43.598	 -79.516936	 11/22/14	 13288	 2383
 238	 LAKE SHORE BLVD W		 TWENTY SECOND ST		 31-Jan-1958	 43.597	 -79.521281	 1/29/14	 15944	 2967
 239	 LAKE SHORE BLVD W		 THIRTIETH ST		 31-Jan-1958	 43.595	 -79.5296733	 2/18/14	 11260	 638
 279	 SPADINA AVE		 COLLEGE ST		 28-Jun-1928	 43.658	 -79.400059	 8/11/14	 17005	 13446
 304	 BATHURST ST		 BARTON AVE		 13-Dec-1957	 43.668	 -79.412374	 6/10/14	 19364	 2617
 334	 BLOOR ST W		 SOUTH KINGSWAY		 01-Jan-1967	 43.648	 -79.485695	 7/15/14	 19084	 1630
 338	 BLOOR ST W		 ROYAL YORK RD		 12-Dec-1958	 43.647	 -79.511352	 10/6/14	 23173	 3056
 339	 BLOOR ST W		 ISLINGTON AVE		 01-Jan-1958	 43.645	 -79.523399	 5/3/14	 25266	 1833
 344	 DANFORTH AVE		 CARLAW AVE		 01-Feb-1952	 43.678	 -79.347315	 3/17/14	 10706	 3431
 350	 DANFORTH AVE		 GLEBEMOUNT AVE		 16-May-1957	 43.685	 -79.317708	 4/22/14	 11852	 1152
 354	 DANFORTH AVE		 DAWES RD		 12-Sep-1948	 43.689	 -79.296806	 1/7/14	 13932	 1414
 356	 DANFORTH AVE		 PHARMACY AVE		 11-Jan-1956	 43.692	 -79.283369	 3/18/14	 16757	 831
 363	 GERRARD ST E		 MAIN ST		 20-Dec-1948	 43.684	 -79.300173	 5/7/14	 16181	 1627
 400	 LESLIE ST		 LAWRENCE AVE E		 15-Nov-1958	 43.735	 -79.355951	 5/3/14	 28979	 352
 420	 LAWRENCE AVE E		 MARKHAM RD		 04-Oct-1959	 43.76	 -79.22531	 4/12/14	 25775	 4798
 434	 DIXON RD		 ISLINGTON AVE		 31-Jan-1958	 43.697	 -79.54672	 4/29/14	 31673	 1581
 435	 DIXON RD		 KIPLING AVE		 18-Sep-1959	 43.694	 -79.55865	 12/13/14	 21477	 1693
 436	 DIXON RD		 CELESTINE DR		 12-Jun-1962	 43.693	 -79.5624813	 4/3/14	 14048	 241
 444	 O CONNOR DR		 DON MILLS RD		 12-Dec-1958	 43.696	 -79.33963	 5/3/14	 24861	 62
 447	 O CONNOR DR		 ST CLAIR AVE E		 31-Jan-1958	 43.705	 -79.31285	 6/10/14	 24106	 918
 449	 O CONNOR DR		 VICTORIA PARK AVE	 EGLINTON SQ	 31-Jan-1958	 43.723	 -79.30207	 5/3/14	 27980	 1929
 453	 EGLINTON AVE E		 LESLIE ST		 15-Nov-1958	 43.717	 -79.3499	 5/3/14	 35069	 194
 463	 EGLINTON AVE E		 MARKHAM RD		 31-Jan-1958	 43.743	 -79.21893	 10/22/14	 18188	 4335
 470	 ST CLAIR AVE E		 SELWYN AVE	 GLEN EDEN CRES	 07-Sep-1959	 43.707	 -79.30583	 5/15/14	 12859	 1175
 473	 WARDEN AVE		 ST CLAIR AVE E		 31-Jan-1958	 43.712	 -79.28099	 11/15/14	 30413	 763
 488	 DUFFERIN ST		 ST CLAIR AVE W		 30-Aug-1929	 43.678	 -79.44306	 7/24/14	 17507	 7609
 499	 MORNINGSIDE AVE		 LAWRENCE AVE E		 29-Dec-1965	 43.768	 -79.1862	 4/10/14	 26574	 2865
 521	 JANE ST		 EXBURY RD	 CHALKFARM DR	 08-Jun-1969	 43.729	 -79.51064	 12/16/14	 14139	 737
 533	 SHEPPARD AVE W		 JANE ST		 11-Dec-1964	 43.739	 -79.51319	 3/22/14	 22149	 2188
 543	 QUEEN ST E		 BROADVIEW AVE		 17-Jul-1928	 43.659	 -79.34982	 5/3/14	 10844	 4441
 565	 THE QUEENSWAY		 ROYAL YORK RD		 31-Jan-1958	 43.626	 -79.50258	 10/6/14	 23495	 1832
 568	 THE QUEENSWAY		 KIPLING AVE		 31-Jan-1958	 43.621	 -79.52673	 12/2/14	 33000	 355
 588	 WESTON RD		 SHEPPARD AVE W		 21-Jul-1961	 43.734	 -79.53824	 3/19/14	 19786	 450
 597	 KEELE ST		 WILSON AVE		 31-Jan-1958	 43.727	 -79.482042	 3/25/14	 32667	 4969
 600	 KEELE ST		 SHEPPARD AVE W		 09-Oct-1962	 43.745	 -79.486324	 3/25/14	 28338	 1648
 619	 STEELES AVE W		 DUFFERIN ST		 14-Aug-1968	 43.787	 -79.470123	 12/20/14	 40579	 1978
 631	 SHEPPARD AVE W		 WILSON HEIGHTS BLVD		 01-Feb-1962	 43.752	 -79.456729	 2/26/14	 32661	 2093
 633	 KEELE ST		 GRANDRAVINE DR		 12-Nov-1968	 43.752	 -79.488128	 2/18/14	 11576	 237
 644	 BAYVIEW AVE		 YORK MILLS RD		 01-Jan-1957	 43.748	 -79.384143	 6/18/14	 36944	 972
 661	 COXWELL AVE		 MORTIMER AVE		 31-Jan-1958	 43.691	 -79.326553	 3/12/14	 11264	 1595
 672	 BATHURST ST		 SHEPPARD AVE W		 31-Jan-1958	 43.755	 -79.438452	 3/19/14	 28885	 2442
 690	 WARDEN AVE		 COMSTOCK RD		 19-Aug-1964	 43.722	 -79.2850107	 11/24/14	 16573	 763
 694	 WARDEN AVE		 ELLESMERE RD		 09-Jun-1963	 43.761	 -79.30072	 11/22/14	 42244	 351
 701	 MARKHAM RD		 SHEPPARD AVE E		 27-Apr-1964	 43.794	 -79.23876	 4/5/14	 31662	 1054
 702	 MARKHAM RD		 ELLESMERE RD		 12-Oct-1964	 43.776	 -79.23174	 3/29/14	 30563	 3011
 703	 MARKHAM RD		 BRIMORTON DR		 09-Sep-1966	 43.774	 -79.23066	 4/8/14	 18729	 1380
 704	 MARKHAM RD		 GREENCEDAR CRCT	 GREENCREST CRCT	 08-Dec-1964	 43.758	 -79.22469	 4/8/14	 15767	 2065
 707	 ISLINGTON AVE		 RATHBURN RD		 10-May-1965	 43.662	 -79.53116	 4/28/14	 17332	 221
 708	 ISLINGTON AVE		 THE KINGSWAY		 01-Jan-1959	 43.668	 -79.53383	 4/24/14	 18172	 97
 709	 EGLINTON AVE W		 ISLINGTON AVE		 17-Jan-1961	 43.68	 -79.53898	 4/29/14	 32669	 985
 710	 ISLINGTON AVE		 SUMMITCREST DR		 01-Jun-1967	 43.683	 -79.5405	 4/29/14	 16055	 214
 711	 ISLINGTON AVE		 THE WESTWAY		 30-Dec-1963	 43.689	 -79.54286	 4/24/14	 20731	 546
 712	 ISLINGTON AVE		 401 C E ISLINGTON RAMP	 RESOURCES RD	 13-Dec-1965	 43.708	 -79.55176	 5/28/14	 26521	 143
 713	 ISLINGTON AVE		 401 C W ISLINGTON N RAMP	 ALLENBY AVE	 17-Dec-1965	 43.711	 -79.55328	 5/28/14	 25740	 180
 714	 REXDALE BLVD		 ISLINGTON AVE		 19-Jul-1960	 43.714	 -79.55491	 5/28/14	 21348	 57
 715	 ISLINGTON AVE		 BERGAMOT AVE		 02-Aug-1968	 43.717	 -79.55597	 4/26/14	 17107	 1120
 716	 ISLINGTON AVE		 ELMHURST DR		 23-Jan-1964	 43.723	 -79.55888	 4/23/14	 16084	 1335
 725	 KIPLING AVE		 NORSEMAN ST		 20-Aug-1968	 43.632	 -79.53102	 1/27/14	 20231	 300
 726	 KIPLING AVE		 BURNHAMTHORPE RD		 25-Sep-1960	 43.651	 -79.53933	 12/20/14	 20299	 172
 727	 KIPLING AVE		 RATHBURN RD		 30-Oct-1963	 43.66	 -79.54323	 12/2/14	 15208	 286
 728	 KIPLING AVE		 PRINCESS MARGARET BLVD		 24-Oct-1966	 43.67	 -79.54773	 12/16/14	 12983	 119
 730	 KIPLING AVE		 THE WESTWAY		 08-Oct-1964	 43.686	 -79.55468	 12/16/14	 15510	 579
 733	 KIPLING AVE		 WESTHUMBER BLVD	 BROOKMERE RD	 19-Aug-1965	 43.728	 -79.57465	 12/4/14	 9940	 981
 734	 ALBION RD		 KIPLING AVE		 27-Aug-1965	 43.74	 -79.58033	 11/29/14	 24839	 720
 739	 SHEPPARD AVE W		 WILMINGTON AVE	 FAYWOOD BLVD	 25-Jan-1961	 43.753	 -79.4519	 3/3/14	 21079	 1444
 741	 SHEPPARD AVE E		 WILLOWDALE AVE		 10-Sep-1964	 43.764	 -79.39968	 3/1/14	 18332	 332
 743	 SHEPPARD AVE E		 BURBANK DR	 BESSARION RD	 01-Oct-1967	 43.769	 -79.37663	 3/1/14	 18538	 367
 744	 SHEPPARD AVE E		 LESLIE ST		 06-Mar-1968	 43.772	 -79.36416	 5/3/14	 37711	 892
 748	 SHEPPARD AVE E		 VICTORIA PARK AVE		 25-Nov-1955	 43.775	 -79.32301	 4/5/14	 27789	 3263
 749	 SHEPPARD AVE E		 PHARMACY AVE		 22-Feb-1966	 43.777	 -79.31775	 2/26/14	 19033	 753
 750	 SHEPPARD AVE E		 WARDEN AVE		 16-Dec-1964	 43.779	 -79.30789	 3/29/14	 27706	 2612
 751	 SHEPPARD AVE E		 BIRCHMOUNT RD		 12-Sep-1964	 43.781	 -79.2981	 4/5/14	 23120	 1857
 752	 KENNEDY RD		 SHEPPARD AVE E		 31-Jan-1958	 43.783	 -79.28824	 4/5/14	 34649	 4037
 755	 LESLIE ST		 YORK MILLS RD		 15-Feb-1965	 43.753	 -79.35995	 5/3/14	 34929	 1102
 764	 KIPLING AVE		 HORNER AVE		 27-Jun-1962	 43.607	 -79.52074	 2/11/14	 16598	 699
 773	 ROYAL YORK RD		 MIMICO AVE		 31-Jan-1958	 43.612	 -79.49672	 12/18/14	 6453	 895
 775	 ISLINGTON AVE		 EVANS AVE		 11-Dec-1968	 43.618	 -79.51133	 4/29/14	 18341	 257
 786	 EGLINTON AVE W		 MARTIN GROVE RD		 01-Jan-1960	 43.675	 -79.56321	 4/10/14	 33385	 1293
 787	 MARTIN GROVE RD		 THE WESTWAY	 REDGRAVE DR	 02-Jun-1969	 43.683	 -79.56712	 1/29/14	 10892	 700
 789	 MARTIN GROVE RD		 BELFIELD RD		 17-Nov-1969	 43.702	 -79.5756	 2/12/14	 17170	 90
 861	 SHEPPARD AVE W		 ARROW RD		 01-Feb-1970	 43.736	 -79.52934	 3/1/14	 10062	 34
 863	 SHEPPARD AVE E		 ALLANFORD RD		 12-Oct-1969	 43.782	 -79.29346	 4/2/14	 14419	 1398
 868	 LESLIE ST		 FINCH AVE E		 25-Jun-1969	 43.79	 -79.36812	 5/3/14	 27150	 1130
 877	 MARKHAM RD		 PAINTED POST DR		 19-Dec-1969	 43.768	 -79.22833	 4/8/14	 15510	 500
 878	 MARKHAM RD		 PROGRESS AVE		 09-Jul-1969	 43.782	 -79.23393	 4/5/14	 31295	 475
 896	 BAY ST		 DAVENPORT RD		 30-Jun-1970	 43.673	 -79.39084	 10/6/14	 13905	 2309
 904	 THE EAST MALL		 EAST MALL CRES		 15-Jul-1970	 43.631	 -79.55239	 11/25/14	 13881	 233
 927	 WARDEN AVE		 ARKONA DR	 CLOVERLEAF GT	 12-Aug-1972	 43.773	 -79.30529	 11/12/14	 23944	 353
 933	 JANE ST		 YORKWOODS GT	 FIRGROVE CRES	 25-Aug-1971	 43.751	 -79.51607	 12/16/14	 14032	 1355
 934	 STEELES AVE E		 LESLIE ST		 23-Aug-1971	 43.809	 -79.37245	 5/3/14	 24396	 188
 935	 STEELES AVE E		 LAURELEAF RD S		 09-Sep-1971	 43.806	 -79.38578	 3/26/14	 21204	 301
 946	 KIPLING AVE		 TORLAKE CRES	 PRIVATE ACCESS	 09-Oct-1971	 43.612	 -79.52254	 12/16/14	 10565	 114
 947	 ISLINGTON AVE		 FINCH AVE W		 09-Mar-1971	 43.746	 -79.5686	 4/26/14	 24836	 596
 948	 BURNHAMTHORPE RD		 THE EAST MALL		 05-Nov-1970	 43.646	 -79.56004	 11/26/14	 27755	 569
 955	 ISLINGTON AVE		 ST ANDREWS BLVD	 PRIVATE ACCESS	 29-Aug-1975	 43.701	 -79.54866	 4/24/14	 19941	 1212
 957	 MARKHAM RD		 TUXEDO CRT		 21-Dec-1971	 43.78	 -79.23296	 3/29/14	 25842	 807
 958	 WARDEN AVE		 METROPOLITAN RD		 17-Dec-1971	 43.767	 -79.30279	 11/19/14	 25357	 126
 962	 JANE ST		 GRANDRAVINE DR		 01-Jul-1972	 43.747	 -79.51511	 1/13/14	 14932	 797
 966	 STEELES AVE E		 MAXOME AVE	 HENDERSON AVE	 15-Jun-1972	 43.801	 -79.40624	 3/26/14	 20094	 203
 970	 MARKHAM RD		 401 C E MARKHAM RD N RAMP		 27-May-1971	 43.784	 -79.2349254	 6/7/14	 32856	 14
 971	 MARKHAM RD		 401 C W MARKHAM RD S RAMP		 22-Dec-1971	 43.787	 -79.2362029	 3/29/14	 34942	 19
 972	 JANE ST		 STONG CRT	 YORK GATE BLVD	 16-Oct-1972	 43.762	 -79.51881	 1/13/14	 13856	 1516
 973	 JANE ST		 HEATHROW DR	 CHALKFARM DR	 26-Oct-1972	 43.725	 -79.50958	 10/20/14	 18009	 842
 976	 MARKHAM RD		 BLAKEMANOR BLVD	 PRIVATE ACCESS	 23-Oct-1972	 43.751	 -79.22224	 4/8/14	 14181	 475
 980	 BATHURST ST	 55m NORTH OF	 STAFFORD RD		 24-Oct-1972	 43.771	 -79.44222	 6/25/14	 17649	 195
 983	 LAWRENCE AVE E		 MANSE RD		 27-Sep-1972	 43.771	 -79.1762578	 10/22/14	 11211	 497
 986	 STEELES AVE E		 WILLOWDALE AVE		 17-Jul-1972	 43.799	 -79.41444	 3/26/14	 20904	 236
 989	 PARK LAWN RD		 GARDINER E PARK LAWN RD RAMP		 20-Dec-1974	 43.626	 -79.486155	 12/18/14	 15611	 196
 990	 MARKHAM RD		 LUELLA ST	 COUGAR CRT	 25-Jul-1972	 43.745	 -79.2197	 4/8/14	 12478	 925
 1007	 JANE ST		 YEWTREE BLVD	 FIRGROVE CRES	 18-Jun-1973	 43.755	 -79.51707	 12/16/14	 16393	 2131
 1010	 SHEPPARD AVE W		 ARLETA AVE	 NORTHOVER ST	 20-Sep-1973	 43.742	 -79.50149	 3/5/14	 18208	 1591
 1014	 SHEPPARD AVE E		 PROVOST DR	 AMBROSE RD	 30-Jul-1981	 43.77	 -79.3714668	 3/22/14	 21304	 512
 1020	 MCCOWAN RD		 PITFIELD RD	 INVERGORDON AVE	 14-Nov-1973	 43.787	 -79.25726	 4/14/14	 28954	 390
 1031	 WARDEN AVE		 BERTRAND AVE	 PRIVATE ACCESS	 22-Nov-1973	 43.733	 -79.28971	 11/19/14	 19235	 393
 1036	 KIPLING AVE		 HUNTING RIDGE	 CLEMENT RD	 11-Aug-1974	 43.681	 -79.5528	 12/16/14	 10865	 164
 1049	 SHEPPARD AVE W		 CHESSWOOD DR		 25-Mar-1974	 43.756	 -79.4742	 3/25/14	 20182	 563
 1053	 KINGSTON RD		 SCARBOROUGH GOLF CLUB RD		 10-Nov-1974	 43.746	 -79.20937	 11/24/14	 26512	 374
 1055	 PARK LAWN RD		 PARK LAWN GARDINER W RAMP	 PRIVATE ACCESS	 19-Dec-1974	 43.627	 -79.48772	 12/18/14	 15868	 133
 1064	 BATHURST ST		 WELLS ST		 28-Dec-1973	 43.67	 -79.41314	 5/27/14	 13678	 804
 1077	 JANE ST		 RITA DR	 STANLEY RD	 11-Jul-1974	 43.743	 -79.51413	 12/16/14	 13425	 664
 1082	 ELLESMERE RD		 ORTON PARK RD	 MILITARY TRL	 29-Apr-1974	 43.78	 -79.21714	 6/12/14	 16995	 335
 1086	 MARTIN GROVE RD		 BETHRIDGE RD		 26-Apr-1974	 43.708	 -79.57817	 4/3/14	 13117	 42
 1088	 ISLINGTON AVE		 BERING AVE		 11-Apr-1974	 43.639	 -79.52121	 4/24/14	 16575	 400
 1101	 YONGE ST		 KEMPFORD BLVD		 17-Jul-1975	 43.777	 -79.41482	 4/14/14	 17654	 1793
 1108	 SHEPPARD AVE E		 MORNINGSIDE AVE		 11-Jan-1974	 43.802	 -79.19979	 3/29/14	 20063	 1274
 1109	 BRIMLEY RD		 SHEPPARD AVE E		 18-Dec-1974	 43.788	 -79.2683	 4/5/14	 26105	 2450
 1115	 STEELES AVE W		 HILDA AVE		 16-Dec-1974	 43.796	 -79.42926	 11/29/14	 31286	 1322
 1128	 SHEPPARD AVE W		 RIVALDA RD	 PRIVATE ACCESS	 18-Feb-1975	 43.735	 -79.53394	 3/5/14	 13949	 330
 1141	 SHEPPARD AVE E		 LAPSLEY RD	 WASHBURN WAY	 20-Nov-1975	 43.796	 -79.22754	 4/2/14	 11802	 808
 1148	 ISLINGTON AVE		 FORDWICH CRES		 01-Jun-1976	 43.727	 -79.56074	 4/29/14	 11624	 282
 1149	 WESTON RD		 FENMAR DR		 08-Jan-1975	 43.757	 -79.5437068	 2/10/14	 12810	 42
 1156	 ALBION RD		 SILVERSTONE DR		 16-Jun-1975	 43.743	 -79.60006	 2/25/14	 12828	 312
 1162	 HIGHWAY 27		 HUMBER COLLEGE BLVD		 06-Feb-1976	 43.73	 -79.60149	 11/26/14	 31536	 1706
 1172	 JANE ST		 EDDYSTONE AVE		 21-Dec-1979	 43.749	 -79.51562	 12/16/14	 15750	 642
 1174	 KIPLING AVE		 TABER RD	 PRIVATE ACCESS	 10-Dec-1978	 43.719	 -79.57037	 12/11/14	 9276	 697
 1184	 MORNINGSIDE AVE		 CORONATION DR		 13-Oct-1978	 43.762	 -79.1836153	 10/22/14	 7032	 296
 1198	 ISLINGTON AVE		 MILADY RD		 18-Oct-1977	 43.752	 -79.56831	 6/3/14	 12616	 191
 1199	 ISLINGTON AVE		 MILLWICK DR	 MUIR AVE	 19-Oct-1977	 43.76	 -79.57176	 4/29/14	 15248	 244
 1201	 KINGSTON RD		 PORT UNION RD	 SHEPPARD AVE E	 06-Jul-1968	 43.799	 -79.14627	 4/12/14	 25637	 292
 1203	 MARKHAM RD		 MILNER AVE		 21-Oct-1977	 43.79	 -79.23705	 3/29/14	 27266	 398
 1204	 ISLINGTON AVE		 DUNCANWOODS DR	 ROWNTREE MILL RD	 18-Oct-1977	 43.755	 -79.56882	 4/29/14	 12551	 255
 1206	 FINCH AVE W		 TALBOT RD		 24-Aug-1978	 43.778	 -79.42298	 10/30/14	 16970	 933
 1207	 CARLINGVIEW DR		 DISCO RD		 13-Feb-1978	 43.7	 -79.60146	 12/10/14	 8605	 24
 1208	 STEELES AVE W		 ISLINGTON AVE		 06-Apr-1976	 43.764	 -79.5748	 4/26/14	 25650	 327
 1210	 KIPLING AVE		 GREENSBORO DR	 RONSON DR	 06-Apr-1976	 43.703	 -79.56234	 2/11/14	 12519	 67
 1212	 MARTIN GROVE RD		 RACINE RD		 06-Oct-1976	 43.717	 -79.5824	 2/26/14	 11430	 42
 1216	 SHEPPARD AVE W		 TUSCAN GT	 PRIVATE ACCESS	 09-Aug-1976	 43.753	 -79.48274	 3/25/14	 15542	 47
 1222	 NEILSON RD		 SHEPPARD AVE E		 13-Dec-1979	 43.798	 -79.21765	 4/3/14	 22655	 949
 1231	 STEELES AVE W		 ALNESS ST		 23-Jul-1976	 43.785	 -79.48104	 11/15/14	 17170	 159
 1237	 WILSON AVE		 TRANSIT RD	 BILLY BISHOP WAY	 16-Dec-1976	 43.733	 -79.45281	 3/25/14	 22369	 694
 1239	 MARKHAM RD		 MCLEVIN AVE	 NUGGET AVE	 29-Mar-1978	 43.799	 -79.24104	 4/2/14	 25209	 631
 1244	 MCCOWAN RD		 NUGGET AVE	 PRIVATE ACCESS	 29-Mar-1978	 43.792	 -79.2598329	 2/13/14	 25052	 496
 1245	 SHEPPARD AVE E		 WILFRED AVE		 12-Nov-1979	 43.765	 -79.3947	 3/19/14	 20617	 329
 1246	 HIGHWAY 27		 QUEENS PLATE DR		 09-Oct-1984	 43.723	 -79.59813	 10/7/14	 22584	 713
 1248	 SHEPPARD AVE W		 MIN AVE	 YATESCASTLE DR	 18-May-1979	 43.74	 -79.50688	 3/10/14	 12300	 338
 1249	 SHEPPARD AVE E		 SETTLERS RD		 29-May-1979	 43.775	 -79.32669	 6/4/14	 19805	 1215
 1254	 KIPLING AVE		 MOUNT OLIVE DR	 PANORAMA CRT	 27-Jun-1978	 43.747	 -79.58375	 12/2/14	 11375	 2165
 1257	 FINCH AVE E		 MARKHAM RD		 06-Nov-1973	 43.813	 -79.24308	 4/5/14	 28750	 413
 1275	 DUNDAS ST W		 SHAW ST		 05-Feb-1978	 43.65	 -79.41827	 8/19/14	 9477	 1839
 1285	 WARDEN AVE		 FAIRFAX CRES	 PRIVATE ACCESS	 30-Nov-1977	 43.716	 -79.28275	 6/24/14	 13550	 1465
 1286	 WARDEN AVE		 WAYNE AVE		 21-Jul-1971	 43.738	 -79.29167	 11/26/14	 16237	 195
 1289	 STEELES AVE W		 WESTON RD		 07-Aug-1980	 43.77	 -79.54659	 11/22/14	 18994	 154
 1291	 YONGE ST		 HEATH ST		 10-Nov-1979	 43.69	 -79.3948768	 5/6/14	 17192	 9239
 1292	 YONGE ST		 MERTON ST		 07-Jun-1976	 43.696	 -79.3962	 4/14/14	 16106	 707
 1296	 SHEPPARD AVE W		 JOHN DRURY DR		 14-Aug-1980	 43.748	 -79.48277	 2/20/14	 12836	 315
 1300	 BURNHAMTHORPE RD		 MILL RD		 07-Dec-1971	 43.639	 -79.58432	 9/30/14	 22625	 629
 1312	 ISLINGTON AVE		 BIRMINGHAM ST		 12-Jul-1979	 43.603	 -79.50629	 6/7/14	 6801	 359
 1313	 ISLINGTON AVE		 NEW TORONTO ST		 12-Apr-1979	 43.607	 -79.5066	 4/29/14	 8332	 118
 1314	 ISLINGTON AVE		 JUDSON ST		 12-Apr-1979	 43.614	 -79.50845	 4/29/14	 10698	 89
 1315	 ISLINGTON AVE		 POPLAR HEIGHTS DR	 PRINCESS MARGARET BLVD	 09-Jun-1978	 43.676	 -79.53709	 4/24/14	 16131	 106
 1323	 KIPLING AVE		 OLIVEWOOD RD		 15-Dec-1976	 43.635	 -79.5329376	 12/16/14	 19812	 237
 1333	 SHEPPARD AVE E		 ARAGON AVE	 BAY MILLS BLVD	 23-Apr-1981	 43.78	 -79.30439	 4/2/14	 15650	 787
 1338	 THE QUEENSWAY		 CANMOTOR AVE	 LADY BANK RD	 30-Oct-1979	 43.624	 -79.51167	 2/18/14	 17507	 300
 1359	 KIPLING AVE		 WIDDICOMBE HILL	 WIDDICOMBE HILL BLVD	 12-Oct-1980	 43.679	 -79.5517	 12/3/14	 10353	 270
 1373	 KINGSTON RD		 POPLAR RD	 PRIVATE ACCESS	 25-Jul-1984	 43.766	 -79.1911	 10/22/14	 20850	 731
 1381	 YONGE ST		 ATHABASKA AVE	 PRIVATE ACCESS	 18-Oct-1984	 43.795	 -79.41941	 5/7/14	 23927	 1562
 1388	 QUEEN ST E		 KINGSTON RD	 EASTERN AVE	 02-Oct-1981	 43.667	 -79.31257	 1/27/14	 12457	 1519
 1397	 MARKHAM RD		 EASTPARK BLVD	 STEVENWOOD RD	 13-Aug-1981	 43.756	 -79.22403	 4/8/14	 14177	 493
 1406	 WILLIAM R ALLEN RD		 TRANSIT RD	 WILSON HEIGHTS BLVD	 12-Jul-1981	 43.742	 -79.45432	 3/25/14	 32825	 0
 1407	 WILLIAM R ALLEN RD		 SHEPPARD AVE W		 12-Jul-1981	 43.75	 -79.46338	 4/2/14	 43882	 1287
 1419	 MARKHAM RD		 GREENBRAE CRCT	 GREENHOLM CRCT	 10-May-1982	 43.762	 -79.22624	 4/8/14	 15423	 643
 1430	 KIPLING AVE		 JOHN GARLAND BLVD		 08-May-1982	 43.736	 -79.57829	 12/11/14	 8821	 258
 1431	 FINCH AVE E		 MIDDLEFIELD RD		 17-Aug-1982	 43.81	 -79.25768	 9/15/14	 19443	 458
 1440	 CARLINGVIEW DR		 INTERNATIONAL BLVD	 RENFORTH DR	 06-Mar-1971	 43.677	 -79.591063	 4/3/14	 20100	 88
 1444	 SHEPPARD AVE E	 185m WEST OF	 KENNEDY RD	 PRIVATE ACCESS	 11-Oct-1982	 43.783	 -79.29049	 4/2/14	 14814	 654
 1452	 LAWRENCE AVE E		 CENTENNIAL RD		 26-Jan-1983	 43.777	 -79.1465292	 2/25/14	 7620	 166
 1455	 WYNFORD DR		 CONCORDE PL	 WYNFORD HEIGHTS CRES	 23-Mar-1983	 43.727	 -79.32777	 7/8/14	 10717	 723
 1456	 LAKE SHORE BLVD W		 COLBORNE LODGE DR		 05-Nov-1983	 43.638	 -79.458968	 12/3/14	 37223	 56
 1457	 BAY ST		 ST JOSEPH ST		 25-May-1983	 43.666	 -79.3877	 11/12/14	 10757	 6083
 1473	 SHEPPARD AVE E		 BRECKON GT	 BRENYON WAY	 12-Jan-1983	 43.801	 -79.2069	 4/3/14	 9751	 292
 1483	 EGLINTON AVE W		 EXPLORER DR		 25-Sep-1985	 43.66	 -79.59417	 12/10/14	 14580	 40
 1487	 STEELES AVE W		 400 S STEELES AVE W RAMP	 PRIVATE ACCESS	 19-Sep-1985	 43.772	 -79.5379887	 11/22/14	 21412	 75
 1490	 WARDEN AVE		 BAMBURGH CRCL		 08-Jan-1984	 43.816	 -79.324548	 11/15/14	 17881	 1166
 1500	 ISLINGTON AVE		 BEAUMONDE HEIGHTS DR	 PRIVATE ACCESS	 12-Dec-1985	 43.742	 -79.56767	 4/29/14	 12840	 212
 1511	 STEELES AVE W		 PETER KAISER GT	 ADESSO DR	 14-Aug-1986	 43.774	 -79.52683	 3/26/14	 22568	 436
 1517	 SHEPPARD AVE E		 BUCHAN CRT	 PRIVATE ACCESS	 25-Sep-1986	 43.773	 -79.35865	 3/19/14	 17181	 287
 1523	 SHEPPARD AVE W		 KODIAK CRES	 YUKON LANE	 10-Dec-1986	 43.752	 -79.46724	 3/25/14	 19689	 163
 1552	 KIPLING AVE		 KIDRON VALLEY DR	 PRIVATE ACCESS	 07-Sep-1988	 43.756	 -79.5883	 12/11/14	 6051	 1363
 1553	 MARTIN GROVE RD		 CABERNET CRCL	 GIHON SPRING DR	 16-Jun-1988	 43.754	 -79.60003	 12/11/14	 6737	 308
 1583	 STEELES AVE E		 MARKHAM RD		 01-Jan-1966	 43.837	 -79.25116	 4/5/14	 34240	 524
 1593	 QUEENS QUAY W		 BATHURST ST		 25-Jan-1990	 43.636	 -79.39829	 4/22/14	 7829	 1701
 1596	 ROGERS RD		 NAIRN AVE		 01-Mar-1990	 43.684	 -79.45169	 2/24/14	 8419	 780
 1609	 ISLINGTON AVE		 MONOGRAM PL		 12-Jul-1990	 43.705	 -79.55043	 4/29/14	 20402	 298
 1612	 STEELES AVE W		 ROSSDEAN DR	 DIRECTOR CRT	 14-Nov-1990	 43.772	 -79.54062	 9/15/14	 22747	 189
 1617	 PHARMACY AVE	 175m SOUTH OF	 EGLINTON AVE E	 PRIVATE ACCESS	 10-Apr-1990	 43.724	 -79.29691	 11/17/14	 11958	 449
 1635	 SHEPPARD AVE E		 ATRIUM LANE	 DURNFORD RD	 27-Nov-1991	 43.801	 -79.15057	 4/3/14	 6605	 282
 1640	 WILLOWDALE AVE		 BISHOP AVE		 07-Apr-1992	 43.783	 -79.40786	 3/26/14	 12377	 154
 1651	 KIPLING AVE		 BEACONHILL RD		 11-May-1992	 43.754	 -79.58704	 12/4/14	 8342	 404
 1665	 SHEPPARD AVE W		 GODDARD ST		 25-Nov-1993	 43.754	 -79.44806	 3/19/14	 14838	 413
 1674	 SHEPPARD AVE W	 100m WEST OF	 BANTING AVE	 PRIVATE ACCESS	 09-May-1994	 43.751	 -79.46077	 3/25/14	 19848	 1007
 1683	 BATHURST ST		 LENNOX ST		 18-Oct-1994	 43.664	 -79.41068	 6/3/14	 15950	 3252
 1686	 SHEPPARD AVE E		 IDAGROVE GT	 PRIVATE ACCESS	 11-Oct-1994	 43.807	 -79.17552	 4/3/14	 7182	 311
 1689	 LAKE SHORE BLVD W		 THIRTEENTH ST		 12-Aug-1994	 43.599	 -79.51186	 2/4/14	 8594	 644
 1715	 ISLINGTON AVE		 SATTERLY RD	 PRIVATE ACCESS	 16-Nov-1995	 43.758	 -79.57064	 4/29/14	 11973	 174
 1732	 MARKHAM RD		 PASSMORE AVE		 06-Jun-1996	 43.831	 -79.25065	 4/2/14	 22703	 57
 1752	 LESLIE ST		 ESTHER SHINER BLVD	 PRIVATE ACCESS	 30-Sep-1997	 43.769	 -79.3643	 5/3/14	 27587	 271
 1771	 ISLINGTON AVE		 CENTRAL PARK RDWY	 CORDOVA AVE	 24-Sep-1997	 43.648	 -79.52505	 4/24/14	 17848	 1330
 1785	 MARTIN GROVE RD		 NOTTINGHILL GT	 WINTERTON DR	 13-Nov-1997	 43.672	 -79.56223	 4/10/14	 8033	 361
 1797	 KIPLING AVE		 GENTHORN AVE	 PRIVATE ACCESS	 28-Jul-1998	 43.723	 -79.57233	 12/11/14	 8900	 253
 1799	 ELLESMERE RD		 DOLLY VARDEN BLVD		 08-Oct-1999	 43.776	 -79.23498	 6/23/14	 16724	 1432
 1802	 YONGE ST	 85m NORTH OF	 SHUTER ST		 23-Dec-1998	 43.655	 -79.38028	 5/6/14	 5644	 3945
 1803	 ISLINGTON AVE	 25m NORTH OF	 WINNIPEG RD		 20-Oct-1998	 43.693	 -79.54467	 4/29/14	 13772	 37
 1820	 SHEPPARD AVE E	 30m EAST OF	 REIDMOUNT AVE	 PRIVATE ACCESS	 23-Mar-2001	 43.784	 -79.285	 4/5/14	 15001	 515
 1867	 KIPLING AVE		 MATTICE AVE	 MATTICE RD	 19-Oct-2000	 43.647	 -79.53755	 12/16/14	 13922	 146
 1885	 ISLINGTON AVE		 TITAN RD		 12-Jul-2000	 43.631	 -79.51774	 5/3/14	 16364	 302
 1944	 LAKE SHORE BLVD W		 GARDINER/LAKE SHORE RAMP	 BROOKERS LANE	 10-Feb-2006	 43.627	 -79.47906	 12/8/14	 11871	 195
 1945	 YONGE ST		 SCRIVENER SQ		 18-Jun-2003	 43.681	 -79.39092	 4/14/14	 15189	 1027
 1947	 HUMBER COLLEGE BLVD		 WINDWOOD DR	 SILVER BELL LANE	 27-Aug-2003	 43.73	 -79.60493	 12/10/14	 8980	 1157
 1956	 SHEPPARD AVE E		 BLUE RIDGE RD		 19-Dec-2002	 43.77	 -79.37418	 3/22/14	 17247	 395
 1989	 SHEPPARD AVE E		 DEAN PARK RD	 ROUGE RIVER DR	 06-Jan-2004	 43.806	 -79.180398	 4/3/14	 8809	 386
 1994	 LAKE SHORE BLVD W		 LEGION RD	 PRIVATE ACCESS	 24-Jun-2008	 43.621	 -79.48326	 12/18/14	 9027	 457
 2005	 THE QUEENSWAY	 80m EAST OF	 HIGH ST	 PRIVATE ACCESS	 25-Feb-2004	 43.631	 -79.48207	 12/15/14	 21662	 531
 2012	 BIRCHMOUNT RD		 NEWLANDS AVE		 22-Sep-2004	 43.71	 -79.26931	 7/7/14	 9494	 861
 2018	 ISLINGTON AVE	 172m SOUTH OF	 BERGAMOT AVE	 PRIVATE ACCESS	 01-Oct-2004	 43.716	 -79.55528	 4/23/14	 13323	 1185
 2034	 LAKE SHORE BLVD W		 PALACE PIER CRT		 22-Aug-1995	 43.631	 -79.47555	 12/3/14	 6936	 54
 2035	 CARLTON ST	 108m WEST OF	 CHURCH ST	 PRIVATE ACCESS	 06-Jul-2005	 43.662	 -79.3807	 11/6/14	 9090	 6914
 2057	 KIPLING AVE		 HAYHURST RD	 NORTHCREST RD	 07-Nov-2006	 43.692	 -79.55759	 12/11/14	 8395	 231
 2060	 YONGE ST	 100m NORTH OF	 BISHOP AVE	 PRIVATE ACCESS	 10-May-2006	 43.783	 -79.4162473	 5/7/14	 24650	 4286
 2074	 SHEPPARD AVE E		 CONLINS RD		 18-Jan-2007	 43.804	 -79.19015	 4/3/14	 11952	 118
 2082	 ISLINGTON AVE		 GOLFDOWN DR		 18-Apr-2007	 43.722	 -79.55809	 4/23/14	 14048	 228
 2086	 DUPONT ST		 HOWLAND AVE		 28-Feb-2007	 43.674	 -79.41182	 7/21/14	 12326	 1545
 2090	 SHEPPARD AVE W	 33m WEST OF	 BUCKLAND RD		 05-Jul-2007	 43.741	 -79.50378	 3/19/14	 12045	 129
 2109	 SHEPPARD AVE E		 GREENBRIAR RD	 PRIVATE ACCESS	 12-Sep-2007	 43.768	 -79.38029	 3/19/14	 17587	 460
 2156	 MARKHAM RD		 SELECT AVE		 12-Nov-2008	 43.833	 -79.2512215	 4/5/14	 22279	 57
 2160	 MARKHAM RD	 190m SOUTH OF	 STEELES AVE E	 PRIVATE ACCESS	 18-Jun-2009	 43.835	 -79.251069	 4/2/14	 24156	 66
 2181	 KING ST E		 RIVER ST		 09-Mar-2012	 43.657	 -79.35626	 5/22/14	 4535	 828
 2190	 MARKHAM RD		 MARKANNA DR		 23-Oct-2008	 43.741	 -79.2180567	 4/3/14	 7831	 355
 2203	 CARLINGVIEW DR		 WORCESTER RD	 PRIVATE ACCESS	 16-Jul-2009	 43.694	 -79.5988494	 2/6/14	 6621	 32
 2204	 HUMBER COLLEGE BLVD		 WESTMORE DR		 16-Jul-2009	 43.731	 -79.5996449	 11/24/14	 7139	 532
 2205	 KIPLING AVE		 REDWATER DR	 PRIVATE ACCESS	 26-Nov-2009	 43.716	 -79.56852	 12/11/14	 10711	 318
 2210	 BLOOR ST W		 NEILSON DR		 03-Feb-2011	 43.634	 -79.5672014	 9/23/14	 13433	 120
 2218	 ST CLAIR AVE E		 JEANETTE ST		 30-Dec-2009	 43.72	 -79.2472891	 9/25/14	 10565	 225
 2243	 SHEPPARD AVE W		 BRYANT ST	 YEOMANS RD	 14-Jan-2014	 43.755	 -79.443284	 3/19/14	 15906	 639
 2279	 MARKHAM RD	 260m SOUTH OF	 BRIMORTON DR		 13-Mar-2012	 43.771	 -79.22979	 3/3/14	 16976	 30
 2285	 WILSON AVE		 AGATE RD		 05-Mar-2013	 43.726	 -79.485461	 9/22/14	 11970	 1049
 2298	 MCLEVIN AVE		 HUPFIELD TRL	 PRIVATE ACCESS	 01-Aug-2012	 43.81	 -79.22003	 9/22/14	 4778	 362
 2301	 HUNTINGWOOD DR		 COMMANDER BLVD		 13-May-2013	 43.798	 -79.269608	 11/10/14	 8310	 130
 2321	 OLD KINGSTON RD		 MORRISH RD		 21-Aug-2012	 43.783	 -79.17062	 9/29/14	 4889	 128
 2335	 THE EAST MALL		 VALHALLA INN RD		 21-May-2014	 43.641	 -79.557686	 12/16/14	 10997	 258
 2337	 THE EAST MALL		 YARN RD		 05-Jun-2013	 43.632	 -79.553688	 9/29/14	 8575	 615
 2338	 BONIS AVE		 KING HENRYS BLVD	 CARABOB CRT	 11-Oct-2013	 43.784	 -79.297152	 12/18/14	 4677	 1734
 2347	 LANSDOWNE AVE		 SEAFORTH AVE		 24-Jul-2013	 43.643	 -79.437452	 12/18/14	 6127	 1245
 2349	 WELLESLEY ST E		 HOMEWOOD AVE		 08-Aug-2013	 43.666	 -79.375829	 12/16/14	 6199	 2798
 2366	 DUNDAS ST W		 STERLING RD	 PRIVATE ACCESS	 05-Nov-2013	 43.651	 -79.443039	 9/9/14	 13910	 955
 3002	 ST DENNIS DR		 DEAUVILLE LANE		 05-Mar-1976	 43.718	 -79.3316068	 7/22/14	 5921	 982
